-6.29,-7.34,-0.59
-6.27,-7.38,-0.44
-6.28,-7.32,-0.59
-6.27,-7.24,-0.56
-6.18,-7.29,-0.54
-6.21,-7.35,-0.69
-6.19,-7.42,-0.59
-6.18,-7.29,-0.7
-6.18,-7.25,-0.58
-6.15,-7.27,-0.48
-6.15,-7.41,-0.6
-6.13,-7.4,-0.66
-6.12,-7.32,-0.5
-6.06,-7.27,-0.65
-6.11,-7.24,-0.6
-6.08,-7.27,-0.6
-6.06,-7.32,-0.72
-6.05,-7.37,-0.5
-6.03,-7.31,-0.65
-6.05,-7.27,-0.55
-5.99,-7.28,-0.54
-6.05,-7.35,-0.75
-6.1,-7.36,-0.54
-6.1,-7.31,-0.56
-6.14,-7.27,-0.58
-6.15,-7.28,-0.59
-6.2,-7.32,-0.59
-6.16,-7.34,-0.54
-6.2,-7.29,-0.67
-6.19,-7.24,-0.61
-6.18,-7.28,-0.54
-6.22,-7.36,-0.53
-6.27,-7.34,-0.64
-6.36,-7.28,-0.49
-6.23,-7.28,-0.62
-6.23,-7.34,-0.48
-6.24,-7.37,-0.55
-6.18,-7.43,-0.67
-6.17,-7.3,-0.6
-6.25,-7.27,-0.6
-6.23,-7.28,-0.46
-6.2,-7.38,-0.49
-6.18,-7.36,-0.59
-6.16,-7.31,-0.5
-6.04,-7.27,-0.59
-6.11,-7.27,-0.46
-6.05,-7.36,-0.54
-6.02,-7.36,-0.55
-6.04,-7.26,-0.59
-6.08,-7.32,-0.55
-6.01,-7.31,-0.38
-6.01,-7.39,-0.77
-6,-7.26,-0.42
-6,-7.28,-0.48
-6.08,-7.31,-0.44
-6.12,-7.28,-0.43
-6.13,-7.37,-0.62
-6.2,-7.41,-0.57
-6.19,-7.33,-0.49
-6.23,-7.23,-0.51
-6.21,-7.3,-0.42
-6.26,-7.31,-0.47
-6.17,-7.4,-0.56
-6.19,-7.36,-0.43
-6.2,-7.27,-0.59
-6.24,-7.2,-0.52
-6.23,-7.36,-0.47
-6.22,-7.41,-0.56
-6.25,-7.34,-0.42
-6.17,-7.29,-0.48
-6.2,-7.21,-0.48
-6.19,-7.33,-0.3
-6.14,-7.41,-0.45
-6.12,-7.31,-0.43
-6.08,-7.32,-0.58
-6.13,-7.25,-0.45
-6.09,-7.37,-0.47
-6.12,-7.32,-0.6
-6.12,-7.32,-0.47
-6.03,-7.28,-0.49
-6.07,-7.31,-0.5
-6.08,-7.33,-0.51
-6.13,-7.38,-0.49
-6.19,-7.29,-0.46
-6.05,-7.27,-0.47
-6.12,-7.29,-0.45
-6.11,-7.32,-0.41
-5.98,-7.31,-0.42
-5.9,-7.3,-0.43
-5.98,-7.29,-0.33
-6.01,-7.29,-0.42
-6.07,-7.27,-0.39
-6.16,-7.29,-0.54
-6.13,-7.32,-0.51
-6.19,-7.28,-0.51
-6.15,-7.32,-0.5
-6.13,-7.31,-0.51
-6.2,-7.29,-0.6
-6.26,-7.22,-0.45
-6.24,-7.31,-0.51
-6.34,-7.39,-0.51
-6.26,-7.4,-0.5
-6.27,-7.33,-0.63
-6.22,-7.26,-0.48
-6.2,-7.26,-0.53
-6.15,-7.27,-0.48
-6.23,-7.43,-0.4
-6.14,-7.42,-0.61
-6.24,-7.29,-0.58
-6.23,-7.25,-0.43
-6.14,-7.28,-0.48
-6.16,-7.3,-0.5
-6.09,-7.36,-0.43
-6.04,-7.33,-0.62
-6.07,-7.23,-0.44
-6.07,-7.21,-0.49
-6.08,-7.3,-0.57
-6.07,-7.34,-0.55
-6.01,-7.33,-0.54
-6.11,-7.32,-0.5
-6.08,-7.33,-0.5
-6.1,-7.29,-0.55
-6.16,-7.32,-0.55
-6.15,-7.31,-0.56
-6.17,-7.32,-0.48
-6.21,-7.32,-0.56
-6.2,-7.29,-0.56
-6.2,-7.35,-0.56
-6.21,-7.39,-0.57
-6.2,-7.29,-0.63
-6.23,-7.29,-0.6
-6.25,-7.31,-0.56
-6.22,-7.39,-0.6
-6.24,-7.35,-0.5
-6.26,-7.37,-0.65
-6.2,-7.28,-0.65
-6.16,-7.32,-0.53
-6.21,-7.34,-0.64
-6.16,-7.31,-0.51
-6.15,-7.33,-0.62
-6.14,-7.25,-0.56
-6.13,-7.26,-0.46
-6.12,-7.34,-0.61
-6.06,-7.25,-0.57
-6.07,-7.35,-0.5
-6.06,-7.27,-0.55
-6,-7.29,-0.57
-6.08,-7.3,-0.51
-6.13,-7.35,-0.59
-6.04,-7.3,-0.49
-6.08,-7.3,-0.6
-6.11,-7.33,-0.54
-6.12,-7.36,-0.52
-6.15,-7.35,-0.51
-6.06,-7.33,-0.62
-6.22,-7.27,-0.55
-6.22,-7.29,-0.56
-6.26,-7.38,-0.54
-6.23,-7.38,-0.5
-6.25,-7.32,-0.73
-6.16,-7.29,-0.46
-6.21,-7.28,-0.59
-6.19,-7.3,-0.55
-6.06,-7.41,-0.47
-5.99,-7.31,-0.56
-6,-7.3,-0.55
-6.03,-7.28,-0.49
-6.17,-7.34,-0.57
-6.11,-7.37,-0.55
-6.1,-7.34,-0.58
-6.18,-7.32,-0.53
-6.2,-7.23,-0.58
-6.12,-7.28,-0.45
-6.13,-7.35,-0.56
-6.17,-7.37,-0.45
-6.23,-7.28,-0.62
-6.18,-7.21,-0.6
-6.22,-7.28,-0.45
-6.24,-7.36,-0.54
-6.11,-7.35,-0.49
-6.11,-7.38,-0.57
-6.1,-7.26,-0.52
-6.21,-7.33,-0.47
-6.14,-7.3,-0.45
-6.12,-7.36,-0.55
-6.25,-7.28,-0.66
-6.2,-7.26,-0.43
-6.11,-7.34,-0.45
-6.14,-7.24,-0.4
-6.17,-7.37,-0.51
-6.15,-7.33,-0.5
-6.16,-7.25,-0.39
-6.11,-7.37,-0.51
-6.06,-7.3,-0.39
-6.04,-7.28,-0.52
-6.03,-7.23,-0.4
-5.98,-7.28,-0.57
-5.95,-7.35,-0.48
-5.93,-7.36,-0.41
-6.06,-7.32,-0.53
-6.12,-7.33,-0.49
-6.08,-7.29,-0.45
-6.12,-7.33,-0.47
-6.09,-7.39,-0.48
-6.17,-7.35,-0.48
-6.18,-7.24,-0.52
-6.19,-7.3,-0.45
-6.24,-7.36,-0.52
-6.3,-7.38,-0.43
-6.26,-7.39,-0.65
-6.21,-7.23,-0.46
-6.12,-7.19,-0.4
-6.12,-7.32,-0.35
-5.95,-7.36,-0.58
-6.03,-7.36,-0.54
-6.1,-7.27,-0.41
-6.11,-7.29,-0.57
-6.11,-7.32,-0.55
-6.1,-7.3,-0.45
-6.15,-7.39,-0.54
-6.14,-7.31,-0.47
-6.07,-7.28,-0.59
-6.19,-7.26,-0.44
-6.26,-7.25,-0.53
-6.22,-7.31,-0.53
-6.25,-7.35,-0.59
-6.26,-7.25,-0.54
-6.3,-7.28,-0.49
-6.18,-7.31,-0.57
-6.23,-7.38,-0.51
-6.26,-7.39,-0.49
-6.27,-7.3,-0.6
-6.23,-7.31,-0.64
-6.17,-7.31,-0.51
-5.94,-7.38,-0.66
-5.87,-7.33,-0.65
-5.68,-7.26,-0.46
-5.67,-7.29,-0.52
-5.66,-7.3,-0.55
-5.71,-7.32,-0.52
-5.79,-7.37,-0.55
-5.93,-7.29,-0.49
-5.89,-7.31,-0.42
-5.9,-7.29,-0.4
-5.98,-7.34,-0.49
-6.1,-7.29,-0.51
-6.12,-7.26,-0.54
-6.03,-7.31,-0.44
-5.98,-7.41,-0.58
-5.94,-7.34,-0.6
-5.96,-7.33,-0.61
-6.14,-7.23,-0.68
-6.19,-7.3,-0.68
-6.2,-7.39,-0.46
-6.22,-7.32,-0.68
-6.24,-7.34,-0.63
-6.32,-7.26,-0.7
-6.42,-7.31,-0.52
-6.43,-7.37,-0.48
-6.49,-7.41,-0.61
-6.42,-7.39,-0.62
-6.54,-7.25,-0.63
-6.51,-7.2,-0.67
-6.53,-7.29,-0.5
-6.49,-7.37,-0.68
-6.57,-7.38,-0.63
-6.54,-7.34,-0.55
-6.54,-7.28,-0.61
-6.43,-7.34,-0.5
-6.31,-7.36,-0.69
-6.28,-7.34,-0.74
-6.22,-7.34,-0.56
-6.16,-7.33,-0.69
-6.25,-7.37,-0.62
-6.02,-7.37,-0.53
-5.97,-7.35,-0.66
-6.04,-7.36,-0.51
-5.96,-7.23,-0.51
-5.92,-7.26,-0.47
-5.87,-7.37,-0.48
-5.9,-7.33,-0.59
-5.87,-7.28,-0.49
-5.87,-7.27,-0.43
-5.89,-7.26,-0.5
-5.9,-7.3,-0.55
-5.93,-7.37,-0.44
-5.91,-7.32,-0.49
-5.94,-7.24,-0.46
-6,-7.27,-0.54
-6.03,-7.33,-0.65
-6.06,-7.35,-0.52
-6.16,-7.32,-0.49
-6.23,-7.3,-0.52
-6.21,-7.32,-0.5
-6.24,-7.32,-0.51
-6.3,-7.3,-0.45
-6.33,-7.28,-0.41
-6.29,-7.23,-0.48
-6.38,-7.35,-0.43
-6.41,-7.42,-0.44
-6.38,-7.42,-0.44
-6.45,-7.28,-0.41
-6.34,-7.22,-0.47
-6.35,-7.33,-0.55
-6.23,-7.35,-0.5
-6.23,-7.39,-0.6
-6.2,-7.31,-0.45
-6.15,-7.3,-0.46
-6.13,-7.24,-0.56
-6,-7.39,-0.45
-5.92,-7.38,-0.38
-5.85,-7.36,-0.62
-5.79,-7.32,-0.38
-5.77,-7.28,-0.53
-5.85,-7.35,-0.52
-5.87,-7.35,-0.39
-5.76,-7.35,-0.43
-5.74,-7.24,-0.46
-5.88,-7.29,-0.4
-5.96,-7.32,-0.55
-5.99,-7.32,-0.42
-6.07,-7.28,-0.52
-6.14,-7.32,-0.47
-6.25,-7.23,-0.51
-6.3,-7.4,-0.47
-6.27,-7.43,-0.64
-6.32,-7.41,-0.56
-6.28,-7.25,-0.59
-6.31,-7.27,-0.62
-6.06,-7.32,-0.51
-5.94,-7.42,-0.61
-5.94,-7.33,-0.54
-5.99,-7.25,-0.47
-6.08,-7.28,-0.5
-6.15,-7.31,-0.44
-6.17,-7.28,-0.54
-6.08,-7.35,-0.4
-6.14,-7.28,-0.51
-6.19,-7.39,-0.42
-6.15,-7.33,-0.56
-6.29,-7.29,-0.57
-6.32,-7.35,-0.62
-6.28,-7.31,-0.56
-6.32,-7.32,-0.55
-6.24,-7.33,-0.56
-6.27,-7.45,-0.6
-6.19,-7.34,-0.67
-6.34,-7.24,-0.63
-6.27,-7.31,-0.5
-6.23,-7.45,-0.72
-6.18,-7.47,-0.47
-6.19,-7.31,-0.56
-6.08,-7.3,-0.53
-6.06,-7.18,-0.44
-5.97,-7.29,-0.54
-5.79,-7.37,-0.56
-5.83,-7.38,-0.38
-5.9,-7.26,-0.58
-6.02,-7.28,-0.39
-5.99,-7.33,-0.45
-5.97,-7.44,-0.54
-5.94,-7.37,-0.45
-6.04,-7.33,-0.6
-6.03,-7.24,-0.51
-6.07,-7.38,-0.61
-6.13,-7.36,-0.54
-6.15,-7.34,-0.54
-6.17,-7.28,-0.69
-6.13,-7.29,-0.62
-6.16,-7.37,-0.58
-6.12,-7.43,-0.49
-6.17,-7.4,-0.57
-6.23,-7.28,-0.48
-6.24,-7.23,-0.54
-6.34,-7.32,-0.56
-6.28,-7.39,-0.45
-6.26,-7.38,-0.63
-6.29,-7.28,-0.43
-6.22,-7.21,-0.54
-6.31,-7.26,-0.6
-6.22,-7.34,-0.45
-6.25,-7.4,-0.73
-6.22,-7.38,-0.55
-6.18,-7.27,-0.67
-6.1,-7.36,-0.67
-6.07,-7.33,-0.41
-6.04,-7.36,-0.67
-6.03,-7.27,-0.45
-5.89,-7.31,-0.51
-5.83,-7.37,-0.65
-5.85,-7.41,-0.39
-5.9,-7.35,-0.62
-5.79,-7.24,-0.57
-5.85,-7.33,-0.31
-5.86,-7.33,-0.47
-5.96,-7.44,-0.4
-6.03,-7.31,-0.38
-6.03,-7.26,-0.56
-6.13,-7.32,-0.41
-6.11,-7.33,-0.59
-6.12,-7.4,-0.43
-6.19,-7.46,-0.6
-6.28,-7.34,-0.61
-6.21,-7.26,-0.56
-6.16,-7.36,-0.6
-6.14,-7.42,-0.54
-6.12,-7.42,-0.64
-6.16,-7.35,-0.56
-6.14,-7.3,-0.47
-6.16,-7.32,-0.56
-6.19,-7.4,-0.38
-6.27,-7.41,-0.59
-6.19,-7.26,-0.47
-6.2,-7.19,-0.33
-6.21,-7.37,-0.5
-6.21,-7.47,-0.42
-6.32,-7.38,-0.56
-6.23,-7.3,-0.45
-6.24,-7.25,-0.47
-6.08,-7.25,-0.59
-5.98,-7.37,-0.45
-5.98,-7.43,-0.6
-6,-7.44,-0.66
-6.09,-7.37,-0.55
-6.15,-7.27,-0.55
-6.15,-7.37,-0.56
-6.06,-7.38,-0.64
-6.1,-7.4,-0.62
-6.13,-7.34,-0.39
-6.12,-7.25,-0.54
-6.19,-7.33,-0.42
-6.2,-7.35,-0.53
-6.27,-7.31,-0.39
-6.2,-7.37,-0.31
-6.26,-7.36,-0.46
-6.26,-7.33,-0.46
-6.27,-7.41,-0.54
-6.23,-7.35,-0.48
-6.23,-7.27,-0.52
-6.11,-7.32,-0.54
-6.19,-7.43,-0.51
-6.11,-7.48,-0.63
-6.15,-7.39,-0.48
-6.18,-7.34,-0.53
-6.04,-7.29,-0.62
-6.03,-7.35,-0.5
-6.06,-7.35,-0.62
-6.02,-7.33,-0.42
-6.05,-7.28,-0.47
-6.07,-7.35,-0.48
-6.12,-7.39,-0.44
-6.02,-7.38,-0.44
-6.08,-7.34,-0.55
-6.06,-7.25,-0.4
-6.07,-7.31,-0.56
-6,-7.39,-0.53
-5.99,-7.38,-0.51
-6.19,-7.24,-0.61
-6.09,-7.24,-0.59
-6.1,-7.23,-0.58
-6.16,-7.36,-0.58
-6.12,-7.41,-0.53
-6.17,-7.38,-0.58
-6.19,-7.28,-0.45
-6.27,-7.31,-0.46
-6.21,-7.38,-0.63
-6.22,-7.45,-0.47
-6.18,-7.44,-0.47
-6.2,-7.28,-0.53
-6.23,-7.23,-0.43
-6.19,-7.36,-0.54
-6.22,-7.39,-0.58
-6.19,-7.36,-0.51
-6.16,-7.3,-0.54
-6.16,-7.33,-0.5
-6.11,-7.37,-0.47
-6.11,-7.34,-0.59
-6.07,-7.4,-0.65
-6,-7.31,-0.66
-5.95,-7.29,-0.65
-6.04,-7.37,-0.57
-6.1,-7.41,-0.6
-6.08,-7.37,-0.57
-6.05,-7.22,-0.69
-6.08,-7.33,-0.52
-6.04,-7.37,-0.52
-5.99,-7.33,-0.46
-6.1,-7.32,-0.6
-6.12,-7.29,-0.52
-6.1,-7.3,-0.51
-6.1,-7.29,-0.55
-6.16,-7.37,-0.56
-6.15,-7.36,-0.54
-6.18,-7.32,-0.49
-6.12,-7.33,-0.68
-6.09,-7.37,-0.54
-6.08,-7.43,-0.71
-6.04,-7.4,-0.76
-6.03,-7.31,-0.65
-6.13,-7.24,-0.56
-6.11,-7.35,-0.55
-6.03,-7.5,-0.54
-6.1,-7.29,-0.55
-6.06,-7.26,-0.55
-6.12,-7.29,-0.54
-6.1,-7.35,-0.56
-6.14,-7.39,-0.63
-6.19,-7.45,-0.49
-6.21,-7.28,-0.57
-6.19,-7.23,-0.39
-6.17,-7.27,-0.57
-6.05,-7.37,-0.54
-6.15,-7.41,-0.55
-6.05,-7.38,-0.57
-6.13,-7.31,-0.52
-6.07,-7.29,-0.44
-6.17,-7.33,-0.59
-6.09,-7.47,-0.6
-6.17,-7.36,-0.47
-6.05,-7.3,-0.45
-6.08,-7.33,-0.51
-6.11,-7.3,-0.53
-6.06,-7.31,-0.47
-6.05,-7.34,-0.38
-6.09,-7.27,-0.54
-6.09,-7.32,-0.49
-6.03,-7.31,-0.39
-5.98,-7.32,-0.49
-5.9,-7.27,-0.41
-5.63,-7.29,-0.43
-5.69,-7.37,-0.54
-5.77,-7.34,-0.47
-5.85,-7.4,-0.43
-5.89,-7.25,-0.51
-5.96,-7.26,-0.28
-6.01,-7.29,-0.59
-5.98,-7.36,-0.48
-5.97,-7.37,-0.42
-6,-7.34,-0.59
-6.11,-7.29,-0.33
-6.16,-7.39,-0.44
-6.25,-7.32,-0.44
-6.28,-7.37,-0.46
-6.31,-7.31,-0.53
-6.35,-7.3,-0.38
-6.33,-7.34,-0.48
-6.31,-7.37,-0.5
-6.42,-7.4,-0.49
-6.46,-7.32,-0.45
-6.48,-7.32,-0.5
-6.34,-7.39,-0.5
-6.24,-7.33,-0.56
-6.09,-7.37,-0.53
-5.98,-7.35,-0.47
-5.86,-7.31,-0.57
-5.89,-7.35,-0.53
-5.78,-7.37,-0.52
-5.78,-7.41,-0.51
-5.78,-7.36,-0.49
-5.79,-7.29,-0.46
-5.84,-7.24,-0.39
-5.87,-7.37,-0.41
-5.85,-7.4,-0.57
-5.91,-7.39,-0.43
-5.93,-7.29,-0.45
-6.01,-7.28,-0.5
-6.05,-7.32,-0.48
-6.14,-7.39,-0.47
-6.18,-7.42,-0.59
-6.22,-7.38,-0.53
-6.19,-7.36,-0.6
-6.19,-7.35,-0.67
-6.23,-7.47,-0.67
-6.22,-7.39,-0.71
-6.29,-7.3,-0.56
-6.36,-7.32,-0.6
-6.31,-7.33,-0.73
-6.16,-7.32,-0.56
-6.15,-7.32,-0.51
-6.02,-7.31,-0.59
-6.06,-7.28,-0.54
-6.19,-7.39,-0.59
-6.29,-7.39,-0.45
-6.3,-7.34,-0.42
-6.25,-7.37,-0.69
-6.23,-7.35,-0.47
-6.18,-7.39,-0.62
-6.2,-7.36,-0.53
-6.26,-7.42,-0.56
-6.29,-7.32,-0.73
-6.31,-7.39,-0.55
-6.37,-7.38,-0.61
-6.28,-7.41,-0.62
-6.27,-7.43,-0.44
-6.2,-7.36,-0.62
-6.16,-7.34,-0.66
-6.18,-7.44,-0.55
-6.28,-7.43,-0.53
-6.17,-7.43,-0.5
-6.15,-7.32,-0.58
-6.1,-7.32,-0.55
-5.93,-7.38,-0.46
-5.89,-7.41,-0.54
-5.95,-7.33,-0.5
-5.89,-7.26,-0.55
-5.87,-7.3,-0.42
-5.83,-7.37,-0.49
-5.91,-7.44,-0.53
-5.83,-7.37,-0.67
-5.86,-7.28,-0.69
-5.87,-7.3,-0.37
-5.89,-7.28,-0.66
-5.92,-7.36,-0.49
-5.93,-7.43,-0.47
-6.14,-7.38,-0.61
-6.21,-7.31,-0.42
-6.18,-7.26,-0.6
-6.19,-7.39,-0.44
-6.16,-7.46,-0.42
-6.25,-7.37,-0.56
-6.24,-7.37,-0.36
-6.38,-7.37,-0.45
-6.34,-7.38,-0.43
-6.34,-7.42,-0.49
-6.24,-7.39,-0.64
-6.16,-7.37,-0.47
-6.21,-7.31,-0.49
-6.18,-7.38,-0.53
-6.15,-7.36,-0.61
-6.07,-7.37,-0.55
-6.03,-7.37,-0.47
-6.02,-7.34,-0.41
-6.03,-7.37,-0.57
-5.95,-7.39,-0.36
-5.94,-7.4,-0.48
-5.98,-7.3,-0.39
-5.87,-7.35,-0.43
-5.76,-7.34,-0.56
-5.81,-7.34,-0.36
-5.8,-7.33,-0.49
-5.96,-7.28,-0.44
-5.96,-7.31,-0.34
-6.08,-7.32,-0.66
-5.97,-7.33,-0.4
-6.06,-7.27,-0.61
-5.95,-7.37,-0.5
-6.04,-7.35,-0.57
-6.14,-7.36,-0.58
-6.12,-7.38,-0.56
-6.23,-7.33,-0.62
-6.28,-7.32,-0.44
-6.26,-7.34,-0.64
-6.23,-7.43,-0.45
-6.16,-7.44,-0.54
-6.22,-7.4,-0.45
-6.29,-7.3,-0.49
-6.35,-7.34,-0.47
-6.34,-7.37,-0.48
-6.3,-7.47,-0.55
-6.28,-7.42,-0.45
-6.21,-7.39,-0.51
-6.22,-7.29,-0.48
-6.22,-7.3,-0.6
-6.27,-7.48,-0.54
-6.23,-7.44,-0.53
-6.23,-7.4,-0.59
-6.13,-7.38,-0.52
-6.12,-7.35,-0.62
-6.04,-7.32,-0.44
-5.92,-7.36,-0.58
-5.93,-7.35,-0.57
-5.92,-7.29,-0.37
-5.93,-7.31,-0.61
-6.04,-7.32,-0.31
-6,-7.35,-0.61
-6.01,-7.35,-0.5
-5.96,-7.38,-0.32
-6.02,-7.38,-0.6
-6.04,-7.35,-0.5
-6.09,-7.37,-0.58
-6.1,-7.35,-0.56
-6.13,-7.34,-0.39
-6.2,-7.38,-0.61
-6.15,-7.34,-0.48
-6.21,-7.41,-0.55
-6.1,-7.36,-0.64
-6.16,-7.28,-0.57
-6.17,-7.32,-0.57
-6.03,-7.45,-0.51
-5.93,-7.35,-0.49
-5.96,-7.33,-0.59
-6.07,-7.35,-0.37
-6.03,-7.35,-0.56
-6.02,-7.34,-0.3
-6.08,-7.33,-0.48
-5.99,-7.27,-0.56
-6.04,-7.32,-0.27
-6.15,-7.39,-0.36
-6.12,-7.46,-0.52
-6.12,-7.37,-0.5
-6.16,-7.3,-0.59
-6.14,-7.28,-0.45
-6.14,-7.31,-0.56
-6.14,-7.32,-0.5
-6.16,-7.47,-0.61
-6.15,-7.4,-0.59
-6.27,-7.35,-0.54
-6.28,-7.34,-0.52
-6.13,-7.33,-0.6
-6.13,-7.41,-0.46
-6.12,-7.41,-0.56
-6.13,-7.4,-0.52
-6.09,-7.34,-0.56
-6.12,-7.32,-0.47
-6.12,-7.36,-0.53
-6.09,-7.34,-0.48
-6.14,-7.3,-0.44
-6.14,-7.37,-0.55
-5.93,-7.38,-0.61
-5.97,-7.37,-0.5
-5.97,-7.4,-0.56
-5.85,-7.36,-0.6
-6.01,-7.31,-0.57
-6.01,-7.37,-0.47
-6.02,-7.36,-0.69
-6.06,-7.34,-0.54
-6.04,-7.36,-0.66
-6.08,-7.31,-0.47
-6.03,-7.34,-0.49
-6.12,-7.42,-0.56
-6.14,-7.47,-0.55
-6.22,-7.37,-0.49
-6.23,-7.34,-0.48
-6.28,-7.31,-0.43
-6.21,-7.37,-0.57
-6.15,-7.35,-0.5
-6.15,-7.39,-0.58
-6.17,-7.37,-0.55
-6.15,-7.37,-0.49
-6.14,-7.4,-0.63
-6.03,-7.35,-0.43
-6.03,-7.38,-0.75
-5.96,-7.35,-0.42
-6.02,-7.42,-0.64
-5.97,-7.39,-0.62
-5.94,-7.35,-0.5
-6.06,-7.26,-0.52
-6.04,-7.29,-0.47
-6.05,-7.45,-0.53
-6.06,-7.48,-0.49
-6.08,-7.41,-0.49
-6.11,-7.28,-0.61
-6.08,-7.32,-0.39
-6,-7.38,-0.39
-6.03,-7.44,-0.55
-6.16,-7.42,-0.59
-6.17,-7.32,-0.41
-6.13,-7.34,-0.63
-6.11,-7.34,-0.42
-6.03,-7.41,-0.68
-5.99,-7.47,-0.6
-6.06,-7.36,-0.52
-6.11,-7.3,-0.72
-6.14,-7.39,-0.41
-6.14,-7.38,-0.55
-6.25,-7.43,-0.48
-6.23,-7.33,-0.44
-6.08,-7.34,-0.48
-6.18,-7.34,-0.53
-6.17,-7.41,-0.45
-6.11,-7.37,-0.4
-6.14,-7.36,-0.45
-6.13,-7.28,-0.45
-6.1,-7.33,-0.52
-6.07,-7.41,-0.56
-6.08,-7.48,-0.6
-5.98,-7.41,-0.56
-6.03,-7.26,-0.45
-6.05,-7.27,-0.53
-6.15,-7.33,-0.56
-6.05,-7.43,-0.53
-6.06,-7.45,-0.56
-6.02,-7.34,-0.4
-6.04,-7.3,-0.54
-5.95,-7.38,-0.56
-5.98,-7.44,-0.41
-5.94,-7.38,-0.43
-5.99,-7.37,-0.38
-5.99,-7.4,-0.49
-6.09,-7.45,-0.46
-6.13,-7.36,-0.58
-6.17,-7.32,-0.45
-6.18,-7.28,-0.58
-6.12,-7.43,-0.34
-6.12,-7.45,-0.66
-6.15,-7.42,-0.54
-6.27,-7.32,-0.6
-6.2,-7.33,-0.55
-6.25,-7.33,-0.56
-6.25,-7.47,-0.55
-6.16,-7.48,-0.62
-6.19,-7.37,-0.65
-6.12,-7.27,-0.44
-6.15,-7.29,-0.69
-6.09,-7.4,-0.59
-6.04,-7.43,-0.49
-6.05,-7.42,-0.59
-6.08,-7.31,-0.41
-6.03,-7.32,-0.47
-5.89,-7.31,-0.51
-5.93,-7.4,-0.59
-5.98,-7.39,-0.51
-6.05,-7.29,-0.61
-6.03,-7.34,-0.59
-5.96,-7.4,-0.49
-5.97,-7.41,-0.68
-5.98,-7.38,-0.45
-5.96,-7.34,-0.57
-5.99,-7.35,-0.57
-6,-7.4,-0.64
-6,-7.39,-0.64
-6.09,-7.45,-0.43
-6.12,-7.38,-0.57
-6.21,-7.37,-0.6
-6.2,-7.39,-0.43
-6.18,-7.45,-0.66
-6.17,-7.41,-0.48
-6.18,-7.31,-0.55
-6.14,-7.27,-0.62
-6.16,-7.36,-0.5
-6.1,-7.4,-0.56
-6.19,-7.41,-0.57
-6.18,-7.39,-0.54
-6.18,-7.35,-0.6
-6.07,-7.33,-0.52
-6.13,-7.33,-0.49
-6.02,-7.37,-0.66
-6.06,-7.38,-0.51
-6.06,-7.37,-0.54
-6.05,-7.45,-0.56
-6.06,-7.41,-0.51
-6.01,-7.37,-0.57
-5.99,-7.25,-0.52
-5.92,-7.3,-0.38
-6.01,-7.37,-0.49
-6.05,-7.41,-0.45
-5.96,-7.37,-0.48
-6.01,-7.3,-0.59
-6.08,-7.28,-0.36
-6.08,-7.34,-0.52
-5.95,-7.41,-0.5
-6.09,-7.42,-0.55
-6.09,-7.34,-0.52
-6.08,-7.29,-0.43
-6.15,-7.37,-0.5
-6.13,-7.42,-0.6
-6.13,-7.46,-0.46
-6.25,-7.33,-0.47
-6.18,-7.25,-0.46
-6.21,-7.36,-0.52
-6.16,-7.4,-0.44
-6.13,-7.49,-0.59
-6.21,-7.33,-0.33
-6.2,-7.23,-0.48
-6.13,-7.34,-0.46
-6.17,-7.4,-0.58
-6.16,-7.42,-0.57
-6.13,-7.37,-0.49
-6.13,-7.27,-0.47
-6,-7.29,-0.51
-5.97,-7.42,-0.5
-6.03,-7.42,-0.63
-6.08,-7.37,-0.48
-6.03,-7.38,-0.56
-6.04,-7.36,-0.62
-6.04,-7.37,-0.41
-5.95,-7.37,-0.55
-5.96,-7.36,-0.4
-6.05,-7.31,-0.38
-6.04,-7.38,-0.44
-6,-7.32,-0.41
-6.04,-7.34,-0.53
-6.16,-7.36,-0.54
-6.06,-7.3,-0.43
-6.13,-7.37,-0.53
-6.04,-7.33,-0.38
-6.13,-7.4,-0.47
-6.06,-7.39,-0.56
-6.13,-7.34,-0.45
-6.14,-7.28,-0.59
-6.11,-7.43,-0.43
-6.2,-7.43,-0.59
-6.18,-7.33,-0.62
-6.14,-7.25,-0.59
-6.11,-7.3,-0.6
-6.1,-7.41,-0.43
-6.07,-7.41,-0.57
-6.18,-7.39,-0.5
-6.18,-7.31,-0.39
-6.13,-7.37,-0.62
-6.04,-7.35,-0.43
-5.93,-7.42,-0.49
-5.95,-7.38,-0.62
-6.05,-7.29,-0.53
-6.02,-7.26,-0.55
-6.03,-7.34,-0.54
-6.14,-7.47,-0.52
-6.02,-7.35,-0.63
-6.06,-7.32,-0.42
-6.12,-7.31,-0.54
-6.03,-7.42,-0.45
-6.07,-7.45,-0.49
-6.12,-7.44,-0.5
-6.11,-7.32,-0.42
-6.1,-7.37,-0.53
-6.1,-7.36,-0.51
-6.07,-7.46,-0.46
-6.09,-7.38,-0.61
-6.12,-7.32,-0.36
-6.11,-7.27,-0.5
-6.13,-7.36,-0.52
-6.08,-7.44,-0.46
-6.09,-7.43,-0.64
-6.16,-7.37,-0.55
-6.17,-7.38,-0.55
-6.17,-7.32,-0.55
-6.07,-7.36,-0.55
-6.13,-7.38,-0.6
-6.02,-7.38,-0.56
-6.03,-7.34,-0.52
-6.07,-7.34,-0.63
-6.12,-7.39,-0.53
-6.17,-7.35,-0.51
-6.11,-7.31,-0.4
-5.97,-7.29,-0.61
-5.88,-7.47,-0.38
-5.88,-7.42,-0.53
-5.92,-7.45,-0.54
-6,-7.33,-0.47
-6.02,-7.36,-0.54
-6.02,-7.41,-0.57
-6.14,-7.43,-0.53
-6.04,-7.41,-0.59
-6.11,-7.26,-0.6
-6.14,-7.3,-0.48
-6.14,-7.41,-0.44
-6.15,-7.42,-0.57
-6.21,-7.37,-0.47
-6.19,-7.36,-0.58
-6.16,-7.29,-0.59
-6.14,-7.4,-0.53
-6.21,-7.47,-0.58
-6.15,-7.42,-0.58
-6.14,-7.33,-0.55
-6.2,-7.26,-0.54
-6.16,-7.44,-0.46
-6.11,-7.48,-0.51
-6.09,-7.43,-0.6
-6.09,-7.32,-0.46
-6.03,-7.29,-0.46
-6.04,-7.34,-0.48
-6.05,-7.36,-0.48
-5.98,-7.48,-0.66
-5.99,-7.28,-0.43
-5.97,-7.29,-0.55
-6.13,-7.27,-0.51
-5.93,-7.39,-0.54
-6.04,-7.42,-0.56
-5.93,-7.38,-0.41
-5.96,-7.37,-0.49
-6.06,-7.31,-0.41
-6.03,-7.38,-0.58
-6.16,-7.43,-0.49
-6.08,-7.39,-0.45
-6.17,-7.38,-0.64
-6.11,-7.35,-0.53
-6.08,-7.44,-0.49
-6.1,-7.35,-0.67
-6.11,-7.34,-0.39
-6.27,-7.33,-0.5
-6.19,-7.46,-0.41
-6.16,-7.43,-0.67
-6.13,-7.39,-0.47
-6.1,-7.35,-0.59
-6.14,-7.28,-0.58
-6.09,-7.32,-0.45
-6.14,-7.44,-0.51
-6.06,-7.38,-0.51
-6.02,-7.29,-0.46
-6.09,-7.27,-0.41
-6.06,-7.36,-0.55
-6.07,-7.38,-0.48
-6.01,-7.47,-0.58
-5.99,-7.25,-0.6
-6.09,-7.34,-0.41
-6,-7.33,-0.51
-6.03,-7.38,-0.56
-5.95,-7.4,-0.44
-6.02,-7.39,-0.5
-6.05,-7.33,-0.63
-6,-7.37,-0.5
-6.07,-7.44,-0.46
-6.06,-7.34,-0.47
-6.05,-7.31,-0.56
-6.18,-7.32,-0.46
-6.09,-7.24,-0.41
-6.18,-7.38,-0.56
-6.11,-7.48,-0.49
-6.1,-7.41,-0.43
-6.11,-7.2,-0.35
-6.18,-7.25,-0.44
-6.08,-7.38,-0.44
-6.05,-7.47,-0.43
-6.08,-7.36,-0.51
-6.1,-7.31,-0.42
-6.14,-7.23,-0.5
-6.13,-7.32,-0.59
-6.08,-7.43,-0.38
-6.03,-7.42,-0.64
-5.99,-7.3,-0.49
-5.96,-7.29,-0.49
-6.03,-7.36,-0.46
-5.98,-7.41,-0.42
-6.02,-7.4,-0.61
-6.06,-7.35,-0.4
-6.1,-7.34,-0.42
-6.08,-7.44,-0.57
-6.05,-7.41,-0.46
-6.06,-7.28,-0.54
-6.09,-7.33,-0.51
-6.07,-7.32,-0.44
-6.07,-7.43,-0.54
-6.08,-7.39,-0.43
-6.19,-7.37,-0.47
-6.12,-7.29,-0.43
-6.09,-7.37,-0.57
-6.18,-7.43,-0.58
-6.07,-7.46,-0.46
-6.05,-7.32,-0.71
-6.15,-7.32,-0.46
-6.19,-7.36,-0.45
-6.12,-7.36,-0.81
-6.15,-7.43,-0.58
-6.17,-7.41,-0.65
-6.18,-7.31,-0.56
-6.23,-7.39,-0.59
-6.19,-7.37,-0.6
-6.14,-7.44,-0.57
-6.22,-7.37,-0.71
-6.16,-7.3,-0.53
-6.11,-7.34,-0.57
-5.96,-7.41,-0.58
-6.08,-7.35,-0.49
-6.03,-7.37,-0.65
-6.04,-7.33,-0.66
-6.11,-7.3,-0.66
-6.04,-7.42,-0.66
-6.07,-7.48,-0.61
-6.03,-7.43,-0.56
-6,-7.34,-0.53
-6.04,-7.25,-0.53
-5.95,-7.32,-0.71
-6.09,-7.47,-0.46
-6.05,-7.37,-0.58
-6.02,-7.37,-0.6
-6.11,-7.35,-0.4
-6.07,-7.31,-0.72
-6.08,-7.27,-0.55
-6.08,-7.37,-0.61
-6.1,-7.34,-0.69
-6.12,-7.42,-0.45
-6.11,-7.39,-0.63
-6.19,-7.31,-0.54
-6.17,-7.4,-0.5
-6.11,-7.31,-0.67
-6.22,-7.31,-0.41
-6.11,-7.42,-0.55
-6.14,-7.4,-0.51
-6.09,-7.42,-0.59
-6.13,-7.31,-0.61
-6.14,-7.31,-0.49
-6.23,-7.31,-0.36
-6.11,-7.41,-0.64
-6.02,-7.34,-0.48
-6.12,-7.32,-0.55
-6.04,-7.33,-0.37
-6,-7.39,-0.44
-6,-7.38,-0.55
-6.02,-7.35,-0.35
-5.96,-7.37,-0.61
-5.99,-7.34,-0.43
-6.06,-7.37,-0.52
-6.11,-7.35,-0.5
-6.06,-7.39,-0.35
-6.05,-7.38,-0.59
-5.99,-7.3,-0.42
-6.15,-7.44,-0.58
-6.13,-7.43,-0.42
-6.11,-7.39,-0.39
-6.14,-7.31,-0.62
-6.08,-7.24,-0.35
-6.15,-7.32,-0.43
-6.09,-7.39,-0.52
-6.1,-7.48,-0.36
-6.15,-7.37,-0.52
-6.18,-7.3,-0.37
-6.12,-7.33,-0.44
-6.11,-7.34,-0.44
-6.08,-7.42,-0.42
-6.04,-7.44,-0.46
-6.02,-7.31,-0.45
-6.05,-7.25,-0.47
-6.11,-7.35,-0.52
-6.09,-7.42,-0.49
-6.11,-7.37,-0.5
-6.14,-7.35,-0.55
-6.07,-7.34,-0.44
-5.97,-7.38,-0.43
-6.01,-7.48,-0.49
-6.03,-7.43,-0.51
-5.98,-7.34,-0.51
-6.04,-7.33,-0.47
-6.06,-7.38,-0.43
-6.11,-7.37,-0.5
-6.07,-7.37,-0.49
-6.09,-7.37,-0.52
-6.08,-7.33,-0.49
-6.07,-7.41,-0.54
-6.09,-7.39,-0.62
-6.1,-7.41,-0.42
-6.17,-7.31,-0.51
-6.18,-7.32,-0.53
-6.14,-7.35,-0.5
-6.06,-7.42,-0.6
-6.03,-7.37,-0.5
-6.06,-7.4,-0.56
-6.04,-7.34,-0.65
-6.14,-7.39,-0.46
-6.12,-7.36,-0.54
-6.1,-7.35,-0.45
-6.08,-7.34,-0.55
-6.06,-7.34,-0.55
-6.07,-7.38,-0.57
-6.05,-7.37,-0.62
-6.07,-7.39,-0.44
-6.05,-7.3,-0.68
-5.98,-7.3,-0.56
-6.13,-7.39,-0.53
-6.04,-7.4,-0.67
-6.04,-7.35,-0.65
-5.99,-7.3,-0.47
-5.98,-7.29,-0.54
-5.98,-7.37,-0.5
-5.97,-7.46,-0.59
-6.07,-7.37,-0.45
-6.06,-7.34,-0.63
-6.09,-7.36,-0.58
-6.23,-7.35,-0.45
-6.15,-7.37,-0.61
-6.09,-7.47,-0.47
-6.09,-7.38,-0.5
-6.16,-7.37,-0.72
-6.17,-7.32,-0.59
-6.25,-7.39,-0.68
-6.22,-7.37,-0.58
-6.18,-7.31,-0.64
-6.15,-7.31,-0.66
-6.14,-7.38,-0.41
-6.12,-7.39,-0.63
-6.09,-7.38,-0.54
-6.04,-7.36,-0.46
-6.06,-7.35,-0.53
-6.04,-7.36,-0.64
-6.08,-7.45,-0.49
-6.01,-7.43,-0.48
-6.04,-7.37,-0.56
-5.94,-7.29,-0.51
-6.02,-7.38,-0.58
-6.01,-7.3,-0.6
-6.05,-7.33,-0.45
-6,-7.4,-0.63
-6.03,-7.37,-0.42
-5.91,-7.37,-0.56
-5.97,-7.43,-0.4
-5.91,-7.43,-0.48
-5.98,-7.39,-0.53
-6.01,-7.36,-0.46
-6.06,-7.36,-0.63
-6.15,-7.44,-0.47
-6.19,-7.38,-0.51
-6.24,-7.34,-0.49
-6.22,-7.29,-0.43
-6.27,-7.34,-0.53
-6.19,-7.4,-0.5
-6.24,-7.48,-0.52
-6.19,-7.31,-0.61
-6.21,-7.3,-0.43
-6.19,-7.34,-0.46
-6.17,-7.42,-0.51
-6.18,-7.48,-0.46
-6.15,-7.44,-0.56
-6.13,-7.28,-0.55
-6.1,-7.35,-0.58
-6.05,-7.32,-0.47
-6.09,-7.4,-0.51
-6.04,-7.38,-0.52
-6.03,-7.44,-0.58
-6.05,-7.35,-0.54
-5.99,-7.32,-0.38
-5.97,-7.37,-0.58
-5.99,-7.38,-0.45
-5.92,-7.38,-0.49
-5.95,-7.37,-0.56
-5.95,-7.35,-0.55
-6.03,-7.4,-0.54
-5.99,-7.38,-0.44
-5.92,-7.35,-0.58
-5.95,-7.3,-0.56
-6.05,-7.33,-0.49
-6.05,-7.35,-0.67
-6.07,-7.42,-0.55
-6.13,-7.36,-0.53
-6.13,-7.35,-0.48
-6.16,-7.33,-0.55
-6.22,-7.37,-0.43
-6.2,-7.42,-0.57
-6.22,-7.48,-0.43
-6.23,-7.39,-0.39
-6.22,-7.36,-0.6
-6.2,-7.39,-0.41
-6.2,-7.39,-0.45
-6.22,-7.35,-0.55
-6.14,-7.42,-0.54
-6.12,-7.38,-0.5
-6.1,-7.34,-0.55
-6.03,-7.38,-0.51
-6.04,-7.28,-0.57
-6.06,-7.31,-0.36
-6.05,-7.42,-0.6
-6.05,-7.42,-0.52
-6.06,-7.37,-0.41
-5.98,-7.29,-0.54
-6,-7.34,-0.46
-6,-7.38,-0.54
-5.97,-7.4,-0.48
-6.01,-7.44,-0.58
-6.08,-7.36,-0.52
-6.01,-7.31,-0.47
-6.04,-7.36,-0.44
-6.02,-7.39,-0.44
-6.07,-7.38,-0.52
-6.04,-7.38,-0.46
-6.08,-7.26,-0.51
-6.16,-7.32,-0.55
-6.21,-7.37,-0.45
-6.12,-7.47,-0.54
-6.18,-7.38,-0.5
-6.21,-7.31,-0.56
-6.18,-7.33,-0.53
-6.14,-7.34,-0.5
-6.18,-7.44,-0.58
-6.12,-7.35,-0.52
-6.19,-7.36,-0.56
-6.18,-7.37,-0.43
-6.19,-7.4,-0.46
-6.15,-7.46,-0.61
-6.13,-7.33,-0.5
-6.08,-7.35,-0.43
-6.01,-7.32,-0.53
-6.01,-7.35,-0.6
-6.03,-7.38,-0.49
-6.03,-7.31,-0.48
-6.11,-7.35,-0.58
-6.08,-7.31,-0.51
-5.97,-7.36,-0.61
-5.99,-7.34,-0.53
-6.02,-7.37,-0.4
-6.08,-7.29,-0.58
-5.99,-7.31,-0.51
-6.1,-7.36,-0.51
-6.17,-7.42,-0.65
-6.18,-7.37,-0.49
-6.13,-7.35,-0.61
-6.03,-7.29,-0.38
-6.11,-7.42,-0.56
-6.04,-7.39,-0.6
-6.13,-7.3,-0.48
-6.18,-7.32,-0.61
-6.14,-7.32,-0.57
-6.1,-7.4,-0.57
-6.11,-7.38,-0.53
-6.09,-7.39,-0.51
-6.08,-7.27,-0.6
-6.03,-7.37,-0.5
-6.14,-7.38,-0.47
-6.08,-7.39,-0.63
-6.09,-7.35,-0.47
-6.08,-7.32,-0.68
-6.11,-7.26,-0.41
-6.04,-7.43,-0.54
-6.02,-7.43,-0.54
-6.03,-7.45,-0.52
-6.04,-7.36,-0.61
-6.05,-7.31,-0.31
-6.05,-7.34,-0.64
-6.05,-7.41,-0.52
-6.05,-7.39,-0.44
-6.09,-7.35,-0.63
-6.08,-7.3,-0.45
-6.1,-7.28,-0.45
-6.11,-7.33,-0.49
-6.1,-7.38,-0.51
-6.16,-7.39,-0.58
-6.16,-7.31,-0.46
-6.21,-7.41,-0.52
-6.16,-7.41,-0.57
-6.14,-7.41,-0.51
-6.11,-7.34,-0.51
-6.11,-7.32,-0.52
-6.1,-7.41,-0.49
-6.1,-7.41,-0.5
-6.09,-7.47,-0.44
-6.15,-7.29,-0.59
-6.15,-7.32,-0.39
-6.09,-7.32,-0.5
-6.01,-7.42,-0.5
-6.03,-7.38,-0.6
-6.03,-7.41,-0.56
-6.05,-7.39,-0.51
-6.04,-7.33,-0.46
-6.05,-7.37,-0.46
-6.03,-7.37,-0.58
-6.05,-7.35,-0.51
-6.02,-7.41,-0.32
-6.04,-7.37,-0.62
-5.99,-7.38,-0.41
-6.06,-7.31,-0.6
-6.1,-7.32,-0.46
-6.17,-7.34,-0.21
-6.13,-7.36,-0.59
-6.07,-7.48,-0.32
-6.05,-7.39,-0.42
-6.18,-7.31,-0.52
-6.11,-7.33,-0.4
-6.2,-7.42,-0.57
-6.11,-7.43,-0.4
-6.11,-7.46,-0.45
-6.16,-7.31,-0.5
-6.16,-7.3,-0.48
-6.11,-7.32,-0.44
-6.14,-7.42,-0.56
-6.05,-7.44,-0.6
-6.08,-7.37,-0.55
-6.07,-7.35,-0.48
-6.09,-7.32,-0.5
-6.14,-7.37,-0.47
-6.09,-7.41,-0.49
-6.13,-7.42,-0.58
-6.05,-7.31,-0.42
-6.02,-7.33,-0.48
-6.08,-7.36,-0.47
-6.08,-7.47,-0.46
-6.05,-7.39,-0.55
-6.07,-7.29,-0.53
-6.03,-7.28,-0.46
-6.05,-7.42,-0.46
-6,-7.42,-0.52
-6.03,-7.36,-0.55
-5.97,-7.37,-0.47
-6.1,-7.33,-0.55
-6.06,-7.36,-0.53
-6.11,-7.45,-0.61
-6.24,-7.36,-0.55
-6.1,-7.32,-0.42
-6.16,-7.34,-0.49
-6.15,-7.32,-0.56
-6.03,-7.34,-0.65
-6.05,-7.36,-0.64
-6.06,-7.29,-0.6
-6.06,-7.37,-0.57
-6.09,-7.43,-0.57
-6.1,-7.41,-0.47
-6.11,-7.34,-0.58
-6.13,-7.31,-0.58
-6.13,-7.34,-0.51
-6.1,-7.43,-0.57
-5.99,-7.45,-0.46
-6.01,-7.34,-0.52
-6.11,-7.31,-0.5
-6.15,-7.31,-0.53
-6.11,-7.44,-0.63
-6.1,-7.44,-0.56
-6.03,-7.37,-0.6
-6.12,-7.28,-0.58
-6.07,-7.23,-0.49
-6.06,-7.36,-0.6
-6.08,-7.45,-0.58
-6.13,-7.48,-0.54
-6.02,-7.34,-0.6
-6.1,-7.34,-0.5
-6.05,-7.34,-0.58
-6.09,-7.37,-0.62
-6.04,-7.38,-0.56
-6,-7.39,-0.7
-6.11,-7.31,-0.57
-6.02,-7.36,-0.48
-6,-7.37,-0.76
-5.95,-7.42,-0.45
-5.97,-7.34,-0.6
-6.11,-7.21,-0.41
-6.12,-7.39,-0.61
-6.05,-7.53,-0.55
-6.08,-7.43,-0.54
-6.21,-7.29,-0.63
-6.19,-7.28,-0.56
-6.09,-7.39,-0.65
-6.13,-7.43,-0.53
-6.12,-7.44,-0.56
-6.15,-7.38,-0.51
-6.16,-7.33,-0.51
-6.2,-7.3,-0.62
-6.11,-7.38,-0.58
-6.19,-7.39,-0.59
-6.11,-7.39,-0.52
-6.1,-7.36,-0.61
-6.09,-7.34,-0.47
-6.05,-7.42,-0.45
-6,-7.33,-0.61
-5.94,-7.31,-0.5
-5.98,-7.34,-0.37
-5.97,-7.45,-0.52
-5.93,-7.47,-0.4
-6.03,-7.38,-0.53
-6,-7.29,-0.57
-5.98,-7.3,-0.43
-6.04,-7.46,-0.43
-6.02,-7.45,-0.47
-6.09,-7.43,-0.56
-6.16,-7.3,-0.44
-6.19,-7.23,-0.47
-6.09,-7.35,-0.55
-6.05,-7.39,-0.47
-6.08,-7.4,-0.53
-6.08,-7.33,-0.5
-6.09,-7.3,-0.53
-6.14,-7.35,-0.52
-6.13,-7.46,-0.57
-6.24,-7.41,-0.57
-6.21,-7.37,-0.46
-6.17,-7.38,-0.4
-6.17,-7.38,-0.45
-6.16,-7.44,-0.51
-6.13,-7.44,-0.58
-6.16,-7.4,-0.62
-6.15,-7.25,-0.48
-6.13,-7.39,-0.44
-6.12,-7.43,-0.58
-6.05,-7.47,-0.61
-6.12,-7.42,-0.44
-6.03,-7.26,-0.54
-6.03,-7.3,-0.54
-6.05,-7.42,-0.54
-6.05,-7.43,-0.45
-6,-7.37,-0.51
-6.04,-7.44,-0.5
-6.1,-7.3,-0.44
-6.1,-7.33,-0.42
-5.99,-7.33,-0.4
-5.96,-7.37,-0.36
-5.96,-7.34,-0.48
-6.03,-7.39,-0.4
-6.01,-7.36,-0.36
-6.05,-7.38,-0.63
-6.12,-7.31,-0.52
-6.08,-7.42,-0.53
-6.13,-7.44,-0.46
-6.11,-7.43,-0.43
-6.09,-7.36,-0.67
-6.16,-7.38,-0.34
-6.22,-7.33,-0.58
-6.22,-7.32,-0.65
-6.21,-7.43,-0.39
-6.09,-7.44,-0.57
-6.17,-7.41,-0.52
-6.24,-7.26,-0.49
-6.18,-7.29,-0.66
-6.12,-7.43,-0.54
-6.03,-7.4,-0.57
-6.06,-7.35,-0.51
-6.08,-7.28,-0.57
-6.06,-7.36,-0.54
-6.08,-7.38,-0.56
-5.96,-7.37,-0.58
-5.97,-7.3,-0.55
-5.99,-7.33,-0.56
-6.02,-7.37,-0.46
-5.95,-7.44,-0.56
-5.97,-7.37,-0.62
-6.01,-7.35,-0.56
-5.95,-7.27,-0.57
-6.08,-7.37,-0.52
-5.96,-7.41,-0.5
-6,-7.43,-0.56
-5.98,-7.36,-0.57
-6.13,-7.34,-0.58
-6.14,-7.29,-0.61
-6.15,-7.35,-0.46
-6.18,-7.45,-0.71
-6.11,-7.47,-0.47
-6.16,-7.37,-0.62
-6.12,-7.26,-0.54
-6.21,-7.32,-0.61
-6.25,-7.45,-0.66
-6.25,-7.48,-0.47
-6.18,-7.46,-0.65
-6.19,-7.32,-0.55
-6.04,-7.36,-0.48
-6.07,-7.3,-0.56
-6.04,-7.32,-0.59
-5.99,-7.27,-0.58
-6.18,-7.39,-0.54
-6.07,-7.39,-0.42
-6.05,-7.4,-0.59
-5.98,-7.27,-0.5
-6.01,-7.28,-0.54
-5.97,-7.32,-0.52
-5.95,-7.41,-0.56
-5.99,-7.42,-0.5
-6.03,-7.42,-0.56
-6.02,-7.27,-0.68
-5.99,-7.24,-0.45
-5.91,-7.39,-0.52
-5.93,-7.41,-0.62
-5.89,-7.4,-0.41
-5.91,-7.32,-0.49
-5.95,-7.38,-0.48
-6.09,-7.37,-0.47
-6.18,-7.48,-0.58
-6.17,-7.39,-0.43
-6.18,-7.29,-0.54
-6.22,-7.33,-0.38
-6.23,-7.4,-0.43
-6.26,-7.44,-0.6
-6.28,-7.38,-0.45
-6.26,-7.38,-0.56
-6.25,-7.32,-0.5
-6.32,-7.38,-0.4
-6.27,-7.47,-0.59
-6.22,-7.44,-0.52
-6.2,-7.3,-0.49
-6.13,-7.25,-0.41
-6.06,-7.34,-0.55
-6.03,-7.41,-0.53
-6.08,-7.47,-0.45
-6.02,-7.45,-0.46
-6.04,-7.31,-0.73
-5.99,-7.23,-0.38
-5.93,-7.35,-0.47
-5.97,-7.41,-0.51
-5.95,-7.39,-0.45
-5.9,-7.33,-0.53
-5.97,-7.29,-0.34
-5.9,-7.32,-0.49
-5.94,-7.39,-0.61
-5.98,-7.36,-0.43
-5.99,-7.32,-0.51
-6,-7.39,-0.43
-6,-7.41,-0.59
-6.04,-7.4,-0.49
-6.13,-7.3,-0.42
-6.12,-7.32,-0.54
-6.19,-7.35,-0.39
-6.19,-7.42,-0.45
-6.22,-7.39,-0.53
-6.18,-7.35,-0.52
-6.19,-7.35,-0.54
-6.26,-7.4,-0.52
-6.14,-7.39,-0.47
-6.2,-7.41,-0.67
-6.23,-7.41,-0.42
-6.09,-7.31,-0.66
-6.14,-7.41,-0.5
-6.08,-7.48,-0.47
-6.03,-7.4,-0.62
-6.07,-7.35,-0.44
-6.05,-7.35,-0.52
-6.07,-7.38,-0.51
-6,-7.42,-0.49
-5.98,-7.42,-0.64
-5.96,-7.39,-0.43
-5.99,-7.29,-0.57
-5.95,-7.3,-0.59
-5.98,-7.41,-0.46
-5.96,-7.41,-0.59
-6.01,-7.37,-0.54
-6.14,-7.25,-0.49
-6.12,-7.3,-0.68
-6.1,-7.41,-0.52
-6.03,-7.39,-0.53
-6.12,-7.43,-0.6
-6.22,-7.31,-0.48
-6.08,-7.32,-0.69
-6.09,-7.38,-0.5
-5.98,-7.45,-0.57
-5.99,-7.41,-0.63
-6.06,-7.37,-0.58
-6.2,-7.33,-0.5
-6.2,-7.36,-0.56
-6.17,-7.37,-0.49
-6.19,-7.44,-0.43
-6.25,-7.37,-0.53
-6.22,-7.36,-0.66
-6.21,-7.38,-0.54
-6.17,-7.42,-0.51
-6.18,-7.38,-0.56
-6.12,-7.29,-0.52
-6.14,-7.35,-0.48
-6.03,-7.4,-0.66
-6.02,-7.35,-0.49
-6.02,-7.38,-0.48
-6.04,-7.41,-0.53
-6.01,-7.31,-0.6
-5.96,-7.4,-0.59
-5.92,-7.4,-0.43
-5.92,-7.33,-0.68
-5.98,-7.33,-0.4
-5.93,-7.32,-0.5
-5.95,-7.34,-0.51
-5.97,-7.38,-0.4
-6.03,-7.37,-0.57
-6.11,-7.31,-0.45
-6.1,-7.35,-0.47
-6.15,-7.36,-0.53
-6.05,-7.42,-0.42
-6.08,-7.37,-0.65
-6.08,-7.3,-0.41
-6.2,-7.34,-0.6
-6.18,-7.37,-0.63
-6.22,-7.41,-0.46
-6.21,-7.37,-0.6
-6.22,-7.29,-0.53
-6.13,-7.28,-0.37
-6.12,-7.42,-0.54
-6.16,-7.41,-0.49
-6.15,-7.37,-0.59
-6.14,-7.39,-0.55
-6.15,-7.27,-0.41
-6.06,-7.33,-0.61
-6.05,-7.42,-0.4
-5.94,-7.38,-0.56
-5.89,-7.37,-0.53
-5.88,-7.29,-0.43
-5.88,-7.3,-0.57
-6.05,-7.36,-0.48
-6.06,-7.38,-0.52
-6.14,-7.39,-0.55
-6.2,-7.34,-0.35
-6.21,-7.38,-0.66
-6.2,-7.29,-0.48
-6.11,-7.42,-0.66
-6.11,-7.35,-0.54
-6.11,-7.38,-0.44
-6.15,-7.38,-0.59
-6.18,-7.32,-0.44
-6.21,-7.32,-0.57
-6.13,-7.36,-0.51
-6.19,-7.37,-0.52
-6.02,-7.31,-0.5
-6.08,-7.4,-0.45
-6.18,-7.44,-0.52
-6.08,-7.38,-0.49
-6.07,-7.32,-0.53
-6.09,-7.36,-0.57
-5.99,-7.39,-0.5
-6.03,-7.33,-0.54
-5.99,-7.4,-0.56
-5.92,-7.35,-0.52
-5.99,-7.36,-0.64
-6.03,-7.42,-0.37
-6.06,-7.38,-0.6
-6.06,-7.33,-0.43
-6.01,-7.3,-0.61
-5.95,-7.33,-0.51
-6.03,-7.38,-0.49
-6.03,-7.45,-0.49
-6.07,-7.38,-0.38
-6.11,-7.39,-0.6
-6.12,-7.33,-0.44
-6.12,-7.4,-0.42
-6.2,-7.39,-0.56
-6.07,-7.4,-0.4
-6.14,-7.35,-0.53
-6.12,-7.29,-0.45
-6.12,-7.38,-0.47
-6.14,-7.41,-0.65
-6.13,-7.47,-0.36
-6.13,-7.34,-0.52
-6.12,-7.26,-0.47
-6.06,-7.37,-0.46
-6.11,-7.47,-0.57
-6.07,-7.45,-0.47
-6.1,-7.37,-0.37
-6.11,-7.32,-0.45
-6.12,-7.31,-0.5
-6.22,-7.42,-0.5
-6.08,-7.43,-0.56
-6.09,-7.4,-0.41
-6.05,-7.31,-0.55
-6.09,-7.37,-0.49
-6.03,-7.33,-0.59
-6.03,-7.35,-0.42
-6.06,-7.44,-0.47
-6.08,-7.37,-0.67
-6.06,-7.31,-0.35
-6.04,-7.36,-0.62
-6.07,-7.34,-0.51
-6.04,-7.37,-0.45
-6.01,-7.39,-0.55
-6.07,-7.39,-0.53
-6.11,-7.43,-0.5
-6.07,-7.35,-0.54
-6.14,-7.37,-0.55
-6.06,-7.32,-0.54
-6.15,-7.34,-0.49
-6.1,-7.43,-0.51
-6.11,-7.4,-0.55
-6.15,-7.35,-0.41
-6.05,-7.36,-0.68
-6.16,-7.32,-0.54
-6.19,-7.34,-0.55
-6.09,-7.4,-0.45
-6.14,-7.35,-0.54
-6.1,-7.34,-0.65
-6.08,-7.37,-0.48
-6.05,-7.37,-0.39
-6.03,-7.36,-0.64
-6.1,-7.33,-0.45
-6.11,-7.33,-0.61
-6.12,-7.4,-0.49
-6.08,-7.43,-0.44
-6.03,-7.43,-0.7
-6.05,-7.39,-0.5
-6.07,-7.23,-0.66
-6.06,-7.33,-0.49
-6.06,-7.45,-0.48
-6.05,-7.47,-0.6
-6.14,-7.41,-0.55
-6.14,-7.31,-0.43
-6.05,-7.29,-0.67
-5.98,-7.35,-0.52
-5.89,-7.37,-0.63
-5.86,-7.4,-0.56
-5.94,-7.37,-0.47
-6.07,-7.36,-0.47
-6.07,-7.33,-0.47
-6.21,-7.38,-0.54
-6.14,-7.45,-0.57
-6.16,-7.32,-0.46
-6.16,-7.42,-0.45
-6.17,-7.28,-0.59
-6.22,-7.36,-0.49
-6.24,-7.37,-0.49
-6.26,-7.35,-0.53
-6.24,-7.35,-0.6
-6.18,-7.37,-0.56
-6.22,-7.39,-0.51
-6.14,-7.4,-0.58
-6.1,-7.36,-0.6
-6.11,-7.37,-0.54
-6.09,-7.27,-0.51
-6.03,-7.46,-0.49
-6.05,-7.4,-0.55
-6.05,-7.35,-0.41
-6,-7.35,-0.5
-5.88,-7.29,-0.56
-5.93,-7.35,-0.47
-5.84,-7.37,-0.44
-6.06,-7.36,-0.44
-6.02,-7.34,-0.52
-6.07,-7.36,-0.46
-6.04,-7.33,-0.45
-6.01,-7.32,-0.58
-6.06,-7.3,-0.52
-5.99,-7.37,-0.54
-6.03,-7.38,-0.57
-6.08,-7.4,-0.5
-6.1,-7.41,-0.6
-6.11,-7.35,-0.57
-6.19,-7.37,-0.66
-6.15,-7.35,-0.6
-6.16,-7.38,-0.46
-6.21,-7.43,-0.53
-6.17,-7.37,-0.38
-6.15,-7.33,-0.57
-6.15,-7.36,-0.69
-6.2,-7.38,-0.33
-6.21,-7.43,-0.6
-6.16,-7.42,-0.52
-6.12,-7.36,-0.62
-6.14,-7.35,-0.67
-6.17,-7.34,-0.57
-6.05,-7.38,-0.63
-6.02,-7.39,-0.61
-6.07,-7.37,-0.56
-5.93,-7.36,-0.64
-5.99,-7.31,-0.55
-5.96,-7.34,-0.46
-5.95,-7.34,-0.67
-5.88,-7.37,-0.57
-5.97,-7.31,-0.49
-5.94,-7.38,-0.39
-5.99,-7.42,-0.39
-6,-7.35,-0.42
-6.1,-7.32,-0.58
-6.03,-7.36,-0.43
-6.05,-7.41,-0.37
-6.07,-7.4,-0.51
-6.1,-7.39,-0.54
-6.17,-7.35,-0.59
-6.22,-7.39,-0.43
-6.24,-7.41,-0.39
-6.18,-7.41,-0.67
-6.12,-7.41,-0.39
-6.15,-7.38,-0.46
-6.09,-7.43,-0.4
-6.15,-7.37,-0.38
-6.18,-7.33,-0.41
-6.1,-7.35,-0.3
-6.1,-7.39,-0.46
-6.05,-7.42,-0.24
-6,-7.44,-0.29
-6.07,-7.43,-0.29
-6.18,-7.35,-0.33
-6.12,-7.33,-0.38
-6.09,-7.33,-0.38
-6.1,-7.37,-0.33
-6.06,-7.48,-0.31
-6.1,-7.42,-0.43
-6.16,-7.36,-0.45
-6.12,-7.26,-0.44
-6.09,-7.33,-0.36
-5.98,-7.42,-0.46
-6.06,-7.41,-0.28
-6.09,-7.4,-0.58
-6.02,-7.32,-0.35
-6.1,-7.32,-0.28
-6.11,-7.38,-0.36
-6.08,-7.45,-0.27
-6.12,-7.42,-0.39
-6.09,-7.3,-0.4
-6.08,-7.31,-0.22
-6.11,-7.36,-0.55
-6.05,-7.34,-0.19
-6.09,-7.44,-0.53
-6.11,-7.38,-0.39
-6.12,-7.41,-0.29
-6.05,-7.39,-0.65
-6.09,-7.39,-0.44
-6.07,-7.35,-0.49
-6.06,-7.3,-0.5
-6.11,-7.32,-0.36
-6.2,-7.37,-0.58
-6.1,-7.38,-0.48
-6.08,-7.36,-0.56
-6.16,-7.29,-0.55
-6.09,-7.41,-0.37
-6.09,-7.33,-0.54
-6.01,-7.43,-0.56
-6.1,-7.41,-0.62
-6.07,-7.35,-0.53
-6.11,-7.3,-0.54
-6.07,-7.35,-0.68
-6.12,-7.25,-0.57
-6.1,-7.34,-0.58
-5.97,-7.36,-0.63
-5.96,-7.43,-0.62
-6.02,-7.41,-0.65
-5.99,-7.34,-0.68
-6.04,-7.31,-0.59
-6.06,-7.37,-0.66
-6.11,-7.41,-0.65
-6.09,-7.44,-0.69
-6.11,-7.32,-0.61
-6.05,-7.29,-0.69
-6.16,-7.28,-0.7
-6.1,-7.36,-0.68
-6.11,-7.42,-0.86
-6.18,-7.44,-0.66
-6.15,-7.38,-0.72
-6.23,-7.36,-0.75
-6.17,-7.4,-0.77
-6.12,-7.37,-0.73
-6.15,-7.38,-0.7
-6.1,-7.39,-0.56
-6.09,-7.27,-0.73
-6.16,-7.38,-0.6
-6.16,-7.42,-0.57
-6.04,-7.38,-0.72
-6.09,-7.31,-0.68
-5.99,-7.36,-0.58
-6,-7.34,-0.73
-6.01,-7.32,-0.64
-6.11,-7.36,-0.53
-6.11,-7.35,-0.69
-6.09,-7.34,-0.67
-6.09,-7.43,-0.62
-6.07,-7.32,-0.62
-6.02,-7.42,-0.56
-6.08,-7.43,-0.61
-6.08,-7.3,-0.55
-6.08,-7.39,-0.51
-6.04,-7.4,-0.57
-6.09,-7.34,-0.36
-6.07,-7.36,-0.59
-6.1,-7.35,-0.52
-6.14,-7.38,-0.53
-6.1,-7.36,-0.51
-6.06,-7.35,-0.37
-6.02,-7.38,-0.61
-6.06,-7.4,-0.52
-6.06,-7.42,-0.35
-5.93,-7.37,-0.65
-5.97,-7.35,-0.37
-6,-7.25,-0.52
-6.04,-7.31,-0.42
-6.16,-7.37,-0.36
-6.17,-7.42,-0.58
-6.22,-7.35,-0.36
-6.29,-7.28,-0.41
-6.27,-7.3,-0.44
-6.3,-7.4,-0.44
-6.22,-7.4,-0.44
-6.14,-7.42,-0.45
-6.28,-7.35,-0.37
-6.12,-7.32,-0.42
-6.07,-7.33,-0.5
-6.15,-7.44,-0.34
-6.12,-7.42,-0.49
-6.12,-7.36,-0.47
-5.99,-7.35,-0.39
-5.95,-7.33,-0.37
-5.99,-7.34,-0.39
-5.95,-7.4,-0.4
-5.97,-7.38,-0.48
-5.95,-7.26,-0.29
-6,-7.4,-0.5
-5.99,-7.43,-0.52
-5.95,-7.34,-0.29
-6.05,-7.4,-0.54
-6.08,-7.28,-0.42
-6.05,-7.33,-0.36
-6.06,-7.35,-0.49
-6.09,-7.42,-0.4
-6.14,-7.4,-0.46
-6.11,-7.34,-0.51
-6.2,-7.37,-0.48
-6.15,-7.43,-0.52
-6.11,-7.43,-0.65
-6.14,-7.4,-0.54
-6.16,-7.33,-0.51
-6.22,-7.31,-0.54
-6.13,-7.37,-0.56
-6.18,-7.41,-0.5
-6.12,-7.36,-0.59
-6.16,-7.34,-0.44
-6.14,-7.32,-0.56
-6.18,-7.28,-0.49
-6.09,-7.28,-0.42
-6.05,-7.41,-0.6
-6.01,-7.36,-0.49
-6,-7.38,-0.45
-6.12,-7.41,-0.64
-6.05,-7.39,-0.66
-6.01,-7.37,-0.61
-5.89,-7.29,-0.6
-5.99,-7.35,-0.61
-5.93,-7.43,-0.57
-5.99,-7.4,-0.49
-6.05,-7.34,-0.72
-6.05,-7.3,-0.53
-6.11,-7.29,-0.59
-6.06,-7.38,-0.65
-6,-7.4,-0.4
-6,-7.39,-0.63
-6.08,-7.36,-0.59
-6.1,-7.32,-0.58
-6.13,-7.34,-0.56
-6.15,-7.39,-0.54
-6.11,-7.38,-0.57
-6.15,-7.32,-0.57
-6.14,-7.29,-0.59
-6.15,-7.37,-0.59
-6.13,-7.41,-0.66
-6.16,-7.41,-0.6
-6.11,-7.38,-0.56
-6.15,-7.34,-0.54
-6.21,-7.41,-0.58
-6.17,-7.43,-0.51
-6.17,-7.44,-0.54
-6.13,-7.35,-0.52
-6.07,-7.29,-0.48
-6.02,-7.37,-0.45
-6.06,-7.42,-0.56
-6.03,-7.42,-0.49
-6.06,-7.37,-0.48
-6.1,-7.31,-0.53
-6.03,-7.42,-0.55
-5.98,-7.34,-0.48
-6.01,-7.42,-0.66
-5.99,-7.34,-0.37
-5.99,-7.34,-0.56
-5.99,-7.35,-0.47
-6.05,-7.35,-0.5
-6.05,-7.35,-0.56
-6.12,-7.31,-0.39
-6.05,-7.37,-0.52
-6.13,-7.37,-0.47
-6.13,-7.36,-0.4
-6.13,-7.33,-0.57
-6.12,-7.3,-0.39
-6.13,-7.4,-0.46
-6.16,-7.38,-0.51
-6.21,-7.43,-0.47
-6.08,-7.37,-0.61
-6.09,-7.35,-0.44
-6.11,-7.35,-0.47
-6.12,-7.38,-0.53
-6.11,-7.44,-0.48
-6.16,-7.41,-0.47
-6.14,-7.34,-0.42
-6.14,-7.29,-0.41
-6.12,-7.31,-0.58
-6.03,-7.4,-0.57
-5.92,-7.38,-0.61
-5.88,-7.31,-0.54
-5.94,-7.37,-0.54
-6.1,-7.36,-0.6
-6.06,-7.42,-0.44
-6.15,-7.42,-0.5
-6.15,-7.38,-0.38
-6.2,-7.35,-0.58
-6.22,-7.28,-0.47
-6.17,-7.39,-0.56
-6.09,-7.31,-0.59
-6.25,-7.34,-0.58
-6.2,-7.36,-0.65
-6.1,-7.35,-0.64
-6.15,-7.44,-0.61
-6.09,-7.41,-0.74
-6.03,-7.41,-0.6
-6.05,-7.27,-0.56
-6.01,-7.32,-0.58
-6.08,-7.34,-0.59
-6.08,-7.42,-0.57
-6.12,-7.37,-0.58
-6.03,-7.35,-0.44
-5.98,-7.31,-0.58
-6.02,-7.34,-0.58
-6,-7.38,-0.49
-5.93,-7.32,-0.6
-6.01,-7.33,-0.52
-6.08,-7.4,-0.62
-5.99,-7.43,-0.6
-6.04,-7.38,-0.49
-6.05,-7.31,-0.64
-6.06,-7.31,-0.54
-6.06,-7.35,-0.64
-6.12,-7.41,-0.59
-6.11,-7.4,-0.52
-6.12,-7.33,-0.58
-6.13,-7.33,-0.51
-6.17,-7.33,-0.55
-6.14,-7.43,-0.6
-6.14,-7.43,-0.58
-6.12,-7.32,-0.59
-6.18,-7.31,-0.45
-6.16,-7.33,-0.43
-6.11,-7.39,-0.37
-6.08,-7.38,-0.43
-6.14,-7.37,-0.56
-6.14,-7.29,-0.45
-6.18,-7.36,-0.48
-6.01,-7.35,-0.54
-6.04,-7.39,-0.42
-6.04,-7.4,-0.48
-6,-7.34,-0.5
-5.98,-7.34,-0.41
-6.06,-7.33,-0.38
-6.1,-7.44,-0.57
-6.06,-7.37,-0.42
-6.04,-7.31,-0.5
-5.99,-7.29,-0.29
-6.02,-7.36,-0.46
-6.05,-7.47,-0.29
-6.04,-7.38,-0.43
-6.11,-7.35,-0.41
-6.11,-7.27,-0.31
-6.12,-7.33,-0.42
-6.11,-7.48,-0.4
-5.98,-7.37,-0.34
-5.86,-7.4,-0.36
-5.65,-7.29,-0.39
-5.47,-7.29,-0.4
-5.36,-7.32,-0.45
-4.91,-7.39,-0.43
-4.49,-7.36,-0.46
-3.79,-7.33,-0.39
-3.1,-7.31,-0.4
-2.34,-7.24,-0.26
-1.61,-7.16,-0.27
-0.74,-6.97,-0.13
-0.45,-6.98,-0.13
-0.22,-6.98,-0.17
0.15,-7.14,-0.38
0.36,-7.2,-0.12
0.49,-7.05,-0.29
0.49,-7.07,-0.25
0.49,-7.06,-0.45
0.57,-7.09,-0.4
0.65,-7.25,-0.45
0.64,-7.34,-0.37
0.56,-7.55,-0.7
0.54,-7.38,-0.64
0.43,-7.28,-0.7
0.52,-7.28,-0.68
0.52,-7.43,-0.5
0.55,-7.27,-0.7
0.72,-7.11,-0.28
0.88,-8.01,-0.5
0.61,-8.46,0.97
1.09,-9.13,-0.46
2.27,-7.91,1.66
3.15,-6.7,-1.21
4.66,-6.38,0.61
6.31,-7.85,-0.35
7.29,-7.63,0.94
8.99,-8.62,-0.97
9.28,-8.63,2.82
8.46,-8.02,1.8
7.46,-7.94,1.53
6,-8.37,2.13
4.6,-8.85,1.3
3.1,-9.07,2.7
1.79,-8.98,2.12
1.36,-8.53,1.56
0.92,-9.18,-0.35
1.21,-9.84,-0.53
0.82,-10.49,0.16
0.83,-10.79,-0.86
0.76,-10.25,-2.57
0.5,-9.83,-3.2
0.41,-10.51,-3.12
-0.25,-11.02,-1.71
-2.12,-9.79,-3.64
-6.93,-11.32,-3.44
-12.28,-10.94,-2.95
-17.67,-11.23,-2.92
-19.6,-11.75,-0.87
-19.6,-11.63,-2.04
-19.6,-11.37,-1.34
-19.6,-10.99,-1.57
-19.6,-10.97,-0.35
-19.6,-11.22,-1.27
-19.6,-11.09,-3.77
-19.6,-10.44,-3.65
-19.6,-9.43,-2.04
-19.6,-9.36,-2.98
-19.6,-9.63,-3.69
-19.6,-10.33,-4.3
-19.6,-10.69,-3.44
-19.06,-10.36,-2.72
-15.16,-9.79,-3.35
-11.53,-9.27,-1.8
-8.72,-8.56,-2.21
-6.47,-8.13,-0.17
-3.66,-8.61,1.05
-2.18,-8.6,0.83
-1.22,-8.82,1.46
-0.66,-8.54,1.95
0.02,-8.09,2.46
0.36,-8.15,3.64
0.61,-8.14,2.39
0.14,-8.32,1.84
-0.05,-8.49,1.69
-0.56,-8.15,0.96
-1.45,-7.99,0.69
-2.6,-8.03,-1.14
-4.3,-8.05,-2.46
-5.65,-8.49,-2.01
-6.82,-9.17,-2.28
-8.27,-9.21,-2.83
-10.26,-9.12,-3.07
-11.92,-9,-3.59
-13.16,-9.01,-2.46
-13.71,-9.14,-1.94
-15.11,-9.43,-1.37
-15.77,-9.44,-1.22
-15.51,-9.19,-0.59
-14.82,-8.94,1.25
-13.74,-8.9,1.16
-12.28,-9.01,1.12
-10.84,-9.05,1.44
-9,-8.91,1.8
-7.18,-8.86,2.03
-5.75,-9.5,1.45
-4.56,-9.04,1.21
-3,-8.84,-0.02
-2.07,-8.46,0.29
-1.27,-8.05,0.08
-0.85,-7.98,-1.08
-0.81,-8.08,-1.44
-0.52,-8.43,-2.13
-0.6,-8.51,-1.59
-1.26,-8.52,-1.5
-1.6,-8.25,-2.73
-2.46,-7.95,-2.73
-3.56,-7.94,-0.72
-4.22,-7.93,-2.14
-5.86,-8.48,-0.91
-7.04,-8.76,0.46
-9.18,-8.82,-0.9
-10.12,-8.66,1.24
-11.19,-8.73,0.89
-12.08,-8.74,0.97
-12.78,-8.82,1.43
-13.09,-8.72,0.48
-13.04,-8.79,1.09
-13.16,-8.69,0.42
-12.43,-8.69,-0.04
-11.66,-9.01,0.18
-10.76,-9.24,-1.04
-9.66,-9.17,-1.16
-8.71,-9.12,-0.78
-7.34,-8.76,-1.95
-6.28,-8.54,-1.86
-5.08,-8.29,-1.53
-4.18,-8.31,-1.49
-3.56,-8.5,-0.96
-2.7,-8.52,-1.11
-2.15,-8.29,-0.81
-1.72,-8.06,-0.12
-1.4,-7.9,-0.14
-1.06,-7.8,0.64
-0.7,-7.71,0.6
-0.57,-7.76,0.55
-0.56,-7.81,0.88
-0.8,-7.7,0.87
-0.88,-7.64,0.65
-1.01,-7.66,0.64
-1.09,-7.52,0.06
-1.43,-7.5,0.07
-1.79,-7.44,-0.01
-1.85,-7.54,-0.78
-2.09,-7.64,-1.15
-2.27,-7.52,-1.35
-2.5,-7.58,-1.43
-2.64,-7.62,-1.23
-2.65,-7.52,-1.53
-2.5,-7.57,-1.48
-2.23,-7.52,-1.14
-1.82,-7.29,-0.81
-1.56,-7.07,-0.38
-1.46,-7.01,-0.29
-1.17,-6.95,-0.06
-1.11,-7.06,0.25
-0.85,-7.1,0.69
-0.71,-7.03,0.77
-0.51,-7,0.76
-0.41,-6.89,0.58
-0.45,-6.84,0.65
-0.45,-6.87,0.61
-0.45,-6.85,0.23
-0.44,-6.9,-0.03
-0.27,-6.82,-0.29
-0.32,-6.83,-0.59
-0.42,-6.84,-0.7
-0.61,-6.8,-1.02
-0.8,-6.8,-1.31
-0.96,-6.9,-1.29
-1.18,-6.86,-1.19
-1.56,-6.76,-1.2
-1.79,-6.82,-1.14
-2.28,-6.79,-1.15
-2.67,-6.87,-0.91
-3,-7.03,-0.47
-3.41,-7.2,-0.35
-3.72,-7.25,0.03
-4.06,-7.13,0.1
-4.37,-6.93,0.23
-4.8,-6.9,0.65
-5.14,-7.03,0.47
-5.69,-7.13,0.35
-6.19,-7.14,0.12
-6.62,-7.11,0.01
-7.05,-7.06,-0.33
-7.42,-7.18,-0.52
-7.63,-7.36,-0.93
-7.97,-7.37,-1.16
-8.26,-7.48,-1.18
-8.61,-7.38,-1.49
-8.96,-7.42,-1.55
-9.21,-7.52,-1.72
-9.4,-7.39,-1.67
-9.44,-7.35,-1.48
-9.52,-7.34,-1.46
-9.52,-7.32,-1.23
-9.49,-7.37,-1.12
-9.21,-7.31,-0.72
-8.94,-7.28,-0.44
-8.74,-7.33,-0.31
-8.48,-7.34,-0.44
-8.21,-7.25,-0.2
-7.91,-7.25,-0.16
-7.63,-7.27,-0.17
-7.25,-7.2,-0.21
-6.97,-7.24,-0.65
-6.63,-7.19,-0.61
-6.38,-7.18,-0.54
-6.17,-7.18,-0.99
-5.71,-7.19,-0.86
-5.56,-7.25,-1.07
-5.41,-7.2,-0.95
-5.27,-7.25,-0.85
-5.19,-7.2,-0.83
-5.07,-7.17,-0.84
-4.97,-7.13,-0.71
-4.91,-7.06,-0.5
-4.82,-6.95,-0.36
-4.77,-7,-0.24
-4.79,-7.1,-0.27
-4.83,-7.05,-0.26
-4.89,-7,-0.21
-4.92,-7,-0.02
-5.08,-6.99,-0.42
-5.18,-7.12,-0.39
-5.31,-7.24,-0.55
-5.55,-7.14,-0.72
-5.67,-7.1,-0.88
-5.71,-7.1,-1.13
-5.81,-7.12,-1.16
-5.88,-7.25,-1.09
-5.98,-7.22,-1.15
-6.1,-7.27,-1.24
-6.44,-7.16,-1.11
-6.59,-7.09,-1.11
-6.76,-7.21,-0.95
-6.96,-7.29,-0.68
-6.95,-7.23,-0.94
-7.01,-7.24,-0.78
-7.03,-7.16,-0.68
-7.11,-7.09,-0.66
-7.2,-7.2,-0.63
-7.27,-7.26,-0.7
-7.18,-7.28,-0.75
-6.97,-7.24,-0.63
-6.85,-7.2,-0.77
-6.76,-7.19,-0.76
-6.75,-7.23,-0.82
-6.71,-7.27,-1.01
-6.62,-7.26,-0.72
-6.6,-7.23,-0.69
-6.55,-7.25,-0.84
-6.49,-7.25,-0.78
-6.47,-7.17,-0.63
-6.45,-7.23,-0.61
-6.4,-7.22,-0.38
-6.19,-7.23,-0.5
-6.03,-7.17,-0.39
-5.95,-7.13,-0.31
-6.02,-7.12,-0.15
-6.05,-7.13,-0.15
-6.02,-7.14,-0.24
-5.98,-7.16,-0.13
-5.88,-7.21,-0.06
-5.89,-7.22,-0.11
-5.85,-7.2,-0.17
-5.87,-7.2,-0.19
-5.98,-7.24,-0.31
-6.03,-7.1,-0.32
-6,-7.14,-0.29
-6.14,-7.26,-0.43
-6.15,-7.27,-0.37
-6.18,-7.27,-0.34
-6.25,-7.11,-0.36
-6.31,-7.19,-0.29
-6.16,-7.31,-0.38
-6.08,-7.31,-0.28
-6,-7.24,-0.09
-5.9,-7.18,-0.06
-5.95,-7.1,-0.09
-6.11,-7.15,-0.03
-6.17,-7.21,-0.04
-6.31,-7.32,0.15
-6.45,-7.15,-0.07
-6.42,-7.2,-0.1
-6.42,-7.17,0
-6.46,-7.22,-0.17
-6.56,-7.25,-0.17
-6.67,-7.28,-0.33
-6.61,-7.25,-0.44
-6.54,-7.24,-0.38
-6.38,-7.26,-0.41
-6.21,-7.25,-0.46
-6.16,-7.18,-0.5
-6.14,-7.18,-0.37
-6.22,-7.22,-0.47
-6.26,-7.29,-0.43
-6.31,-7.2,-0.29
-6.37,-7.18,-0.32
-6.42,-7.08,-0.21
-6.31,-7.14,-0.19
-6.34,-7.26,-0.34
-6.28,-7.16,-0.23
-6.4,-7.25,-0.34
-6.44,-7.26,-0.34
-6.31,-7.23,-0.32
-6.25,-7.19,-0.5
-6.25,-7.22,-0.53
-6.12,-7.15,-0.67
-6.14,-7.2,-0.63
-6.1,-7.24,-0.71
-6.13,-7.23,-0.88
-6.25,-7.21,-0.61
-6.27,-7.19,-0.99
-6.31,-7.25,-0.77
-6.27,-7.26,-0.68
-6.37,-7.25,-0.89
-6.27,-7.22,-0.64
-6.33,-7.2,-0.67
-6.25,-7.13,-0.65
-6.19,-7.16,-0.63
-6.27,-7.23,-0.79
-6.27,-7.24,-0.56
-6.19,-7.21,-0.65
-6.17,-7.08,-0.7
-6.22,-7.14,-0.68
-6.35,-7.25,-0.64
-6.19,-7.29,-1.05
-6.16,-7.23,-0.97
-6.01,-7.17,-0.77
-6.04,-7.14,-0.96
-5.96,-7.22,-0.94
-5.94,-7.23,-0.91
-6.11,-7.15,-1.03
-6.02,-7.16,-0.84
-6.25,-7.14,-1
-6.27,-7.21,-0.62
-6.25,-7.21,-0.89
-6.24,-7.19,-0.85
-6.36,-7.11,-0.52
-6.37,-7.18,-0.74
-6.4,-7.25,-0.58
-6.46,-7.25,-0.75
-6.29,-7.26,-0.75
-6.37,-7.24,-0.73
-6.34,-7.22,-0.7
-6.3,-7.19,-0.68
-6.29,-7.26,-0.74
-6.35,-7.27,-0.86
-6.41,-7.18,-0.71
-6.48,-7.21,-0.65
-6.43,-7.22,-0.81
-6.56,-7.2,-0.56
-6.45,-7.25,-0.59
-6.56,-7.23,-0.55
-6.36,-7.26,-0.32
-6.2,-7.31,-0.43
-5.99,-7.21,-0.39
-6.06,-7.2,-0.42
-6.1,-7.17,-0.29
-6.08,-7.22,-0.26
-6.11,-7.28,-0.23
-6.2,-7.26,-0.31
-6.14,-7.17,-0.3
-6.31,-7.09,-0.31
-6.25,-7.21,-0.32
-6.05,-7.32,-0.3
-5.94,-7.31,-0.5
-5.8,-7.2,-0.29
-5.98,-7.09,-0.23
-6.09,-7.18,-0.45
-6.05,-7.29,-0.44
-6.2,-7.3,-0.45
-6.27,-7.3,-0.32
-6.3,-7.21,-0.21
-6.27,-7.17,-0.34
-6.34,-7.17,-0.34
-6.47,-7.3,-0.27
-6.34,-7.2,-0.4
-6.3,-7.24,-0.22
-6.2,-7.22,-0.42
-6.3,-7.27,-0.4
-6.34,-7.29,-0.31
-6.31,-7.22,-0.54
-6.45,-7.19,-0.24
-6.47,-7.26,-0.38
-6.53,-7.21,-0.49
-6.49,-7.3,-0.35
-6.52,-7.33,-0.6
-6.59,-7.19,-0.39
-6.53,-7.15,-0.5
-6.25,-7.27,-0.51
-6.34,-7.3,-0.46
-6.35,-7.28,-0.6
-6.36,-7.23,-0.48
-6.41,-7.21,-0.47
-6.42,-7.21,-0.52
-6.38,-7.26,-0.46
-6.43,-7.26,-0.56
-6.36,-7.2,-0.46
-6.39,-7.2,-0.56
-6.39,-7.2,-0.5
-6.34,-7.23,-0.61
-6.3,-7.28,-0.55
-6.3,-7.15,-0.62
-6.22,-7.14,-0.64
-6.14,-7.28,-0.69
-6.12,-7.27,-0.58
-6.14,-7.28,-0.64
-6.1,-7.15,-0.62
-6.11,-7.17,-0.52
-6.14,-7.2,-0.67
-6.05,-7.35,-0.41
-6.06,-7.21,-0.64
-6.03,-7.15,-0.52
-5.97,-7.07,-0.44
-5.93,-7.2,-0.59
-5.84,-7.29,-0.49
-5.91,-7.25,-0.47
-5.88,-7.17,-0.49
-6.02,-7.16,-0.55
-6.05,-7.22,-0.49
-6.07,-7.24,-0.54
-6.12,-7.3,-0.63
-6.1,-7.24,-0.55
-6.08,-7.15,-0.59
-6.13,-7.22,-0.47
-5.99,-7.26,-0.58
-6.01,-7.28,-0.52
-6.12,-7.16,-0.51
-6.25,-7.12,-0.57
-6.28,-7.22,-0.56
-6.36,-7.32,-0.47
-6.36,-7.27,-0.48
-6.51,-7.2,-0.46
-6.52,-7.22,-0.46
-6.57,-7.18,-0.56
-6.43,-7.25,-0.45
-6.27,-7.36,-0.5
-6.07,-7.31,-0.41
-6.04,-7.15,-0.44
-6.22,-7.21,-0.38
-6.21,-7.2,-0.49
-6.17,-7.23,-0.61
-6.37,-7.26,-0.35
-6.39,-7.25,-0.55
-6.45,-7.21,-0.47
-6.43,-7.24,-0.3
-6.47,-7.22,-0.55
-6.49,-7.23,-0.49
-6.43,-7.23,-0.49
-6.28,-7.25,-0.57
-6.32,-7.23,-0.35
-6.26,-7.26,-0.56
-6.38,-7.18,-0.47
-6.38,-7.25,-0.48
-6.41,-7.24,-0.71
-6.37,-7.32,-0.52
-6.36,-7.31,-0.58
-6.48,-7.21,-0.62
-6.47,-7.2,-0.5
-6.41,-7.24,-0.6
-6.32,-7.31,-0.55
-6.13,-7.32,-0.69
-6.04,-7.25,-0.57
-5.86,-7.18,-0.47
-6.05,-7.2,-0.68
-6.05,-7.25,-0.62
-6.02,-7.26,-0.79
-6.17,-7.2,-0.48
-6.21,-7.21,-0.6
-6.21,-7.23,-0.61
-6.31,-7.29,-0.57
-6.2,-7.31,-0.85
-6.23,-7.21,-0.41
-6.24,-7.18,-0.61
-6.17,-7.2,-0.65
-6.19,-7.26,-0.46
-6.15,-7.34,-0.68
-6.16,-7.27,-0.82
-6.2,-7.14,-0.5
-6.16,-7.15,-0.69
-6.33,-7.17,-0.59
-6.23,-7.28,-0.61
-6.29,-7.29,-0.75
-6.26,-7.24,-0.45
-6.37,-7.22,-0.56
-6.35,-7.24,-0.6
-6.2,-7.31,-0.63
-6.12,-7.23,-0.82
-5.8,-7.25,-0.51
-5.82,-7.23,-0.6
-5.9,-7.25,-0.49
-6.03,-7.29,-0.59
-6.1,-7.25,-0.54
-6.19,-7.22,-0.45
-6.25,-7.21,-0.55
-6.2,-7.27,-0.56
-6.24,-7.25,-0.41
-6.22,-7.19,-0.67
-6.32,-7.16,-0.45
-6.17,-7.24,-0.53
-6.13,-7.26,-0.63
-6.17,-7.34,-0.34
-6.19,-7.23,-0.57
-6.37,-7.18,-0.6
-6.27,-7.21,-0.37
-6.28,-7.29,-0.56
-6.27,-7.32,-0.37
-6.37,-7.27,-0.44
-6.43,-7.12,-0.56
-6.43,-7.2,-0.36
-6.41,-7.31,-0.48
-6.31,-7.3,-0.44
-6.34,-7.26,-0.45
-6.37,-7.22,-0.46
-6.31,-7.13,-0.39
-6.28,-7.27,-0.39
-6.3,-7.33,-0.33
-6.2,-7.29,-0.42
-6.26,-7.27,-0.33
-6.31,-7.21,-0.33
-6.23,-7.28,-0.53
-6.13,-7.27,-0.36
-6.09,-7.28,-0.51
-6.1,-7.23,-0.27
-6.12,-7.19,-0.33
-6.2,-7.22,-0.25
-6.22,-7.27,-0.33
-6.17,-7.29,-0.3
-6.23,-7.31,-0.39
-6.2,-7.15,-0.17
-6.24,-7.14,-0.41
-6.15,-7.25,-0.36
-6.01,-7.31,-0.44
-6.11,-7.17,-0.51
-6.13,-7.19,-0.4
-6.2,-7.24,-0.3
-6.24,-7.25,-0.54
-6.25,-7.25,-0.33
-6.25,-7.28,-0.57
-6.2,-7.27,-0.33
-6.25,-7.29,-0.47
-6.27,-7.27,-0.41
-6.32,-7.28,-0.49
-6.29,-7.23,-0.51
-6.27,-7.23,-0.41
-6.33,-7.22,-0.59
-6.15,-7.27,-0.47
-6.19,-7.24,-0.53
-6.25,-7.23,-0.57
-6.29,-7.26,-0.51
-6.14,-7.27,-0.52
-6.1,-7.26,-0.51
-6.21,-7.28,-0.7
-6.32,-7.21,-0.64
-6.21,-7.23,-0.67
-6.29,-7.26,-0.63
-6.24,-7.27,-0.49
-6.28,-7.3,-0.76
-6.33,-7.26,-0.54
-6.24,-7.19,-0.69
-6.21,-7.26,-0.56
-6.18,-7.29,-0.63
-5.97,-7.29,-0.65
-5.96,-7.21,-0.56
-5.97,-7.18,-0.66
-6.04,-7.16,-0.61
-6.09,-7.33,-0.61
-6.25,-7.3,-0.64
-6.21,-7.26,-0.69
-6.22,-7.2,-0.58
-6.22,-7.14,-0.67
-6.19,-7.22,-0.65
-6.26,-7.26,-0.63
-6.25,-7.27,-0.66
-6.37,-7.26,-0.72
-6.34,-7.23,-0.56
-6.31,-7.29,-0.77
-6.38,-7.34,-0.67
-6.2,-7.27,-0.45
-6.17,-7.28,-0.87
-6.14,-7.2,-0.42
-6.24,-7.31,-0.76
-6.25,-7.24,-0.63
-6.13,-7.29,-0.6
-6.11,-7.2,-0.79
-6.05,-7.21,-0.55
-5.95,-7.2,-0.62
-5.86,-7.19,-0.64
-6.02,-7.25,-0.51
-5.99,-7.27,-0.54
-6.07,-7.26,-0.59
-6.16,-7.25,-0.5
-6.12,-7.21,-0.61
-6.17,-7.15,-0.52
-6.16,-7.27,-0.52
-6.21,-7.17,-0.54
-6.12,-7.28,-0.6
-6.07,-7.22,-0.53
-6.02,-7.26,-0.74
-6.06,-7.19,-0.54
-6.17,-7.2,-0.65
-6.17,-7.24,-0.6
-6.22,-7.37,-0.66
-6.24,-7.23,-0.5
-6.31,-7.17,-0.37
-6.28,-7.17,-0.82
-6.4,-7.27,-0.42
-6.19,-7.26,-0.46
-6.16,-7.3,-0.59
-5.84,-7.21,-0.42
-5.57,-7.13,-0.56
-5.27,-7.13,-0.56
-5.25,-7.24,-0.49
-5.35,-7.27,-0.36
-5.49,-7.18,-0.38
-5.75,-7.21,-0.38
-5.79,-7.26,-0.32
-6.02,-7.31,-0.42
-6.13,-7.25,-0.4
-6.25,-7.25,-0.43
-6.36,-7.28,-0.54
-6.46,-7.32,-0.45
-6.67,-7.37,-0.39
-6.74,-7.35,-0.47
-6.65,-7.26,-0.69
-6.71,-7.29,-0.58
-6.74,-7.26,-0.47
-6.72,-7.38,-0.54
-6.81,-7.39,-0.47
-6.77,-7.33,-0.41
-6.72,-7.24,-0.55
-6.72,-7.25,-0.51
-6.81,-7.32,-0.42
-6.59,-7.36,-0.56
-6.66,-7.36,-0.45
-6.48,-7.31,-0.4
-6.48,-7.26,-0.42
-6.5,-7.24,-0.3
-6.42,-7.25,-0.43
-6.25,-7.26,-0.44
-6.18,-7.29,-0.27
-6.12,-7.24,-0.36
-6.15,-7.26,-0.46
-6.13,-7.32,-0.34
-6.21,-7.29,-0.42
-6.18,-7.25,-0.35
-6.15,-7.25,-0.47
-6.07,-7.24,-0.39
-6.07,-7.28,-0.39
-6.17,-7.28,-0.41
-6.12,-7.24,-0.37
-6.16,-7.22,-0.48
-6.15,-7.29,-0.45
-6.1,-7.28,-0.55
-6.02,-7.26,-0.37
-5.97,-7.22,-0.44
-6.02,-7.25,-0.5
-6.08,-7.26,-0.41
-6.1,-7.31,-0.47
-6.17,-7.29,-0.3
-6.18,-7.25,-0.37
-6.14,-7.22,-0.46
-6.21,-7.34,-0.5
-6.17,-7.31,-0.57
-6.24,-7.26,-0.53
-6.13,-7.23,-0.55
-6.11,-7.23,-0.62
-6.06,-7.33,-0.46
-6.12,-7.32,-0.62
-6.21,-7.29,-0.57
-6.21,-7.26,-0.63
-6.3,-7.25,-0.62
-6.3,-7.28,-0.63
-6.36,-7.36,-0.58
-6.31,-7.38,-0.57
-6.22,-7.29,-0.55
-6.23,-7.17,-0.73
-6.11,-7.2,-0.69
-5.96,-7.25,-0.63
-5.89,-7.25,-0.55
-5.9,-7.31,-0.57
-5.96,-7.21,-0.65
-5.99,-7.24,-0.47
-5.92,-7.26,-0.68
-6.02,-7.23,-0.57
-6.1,-7.2,-0.62
-6.16,-7.26,-0.6
-6.21,-7.18,-0.66
-6.29,-7.29,-0.74
-6.34,-7.24,-0.64
-6.43,-7.28,-0.76
-6.42,-7.3,-0.59
-6.5,-7.32,-0.56
-6.55,-7.32,-0.7
-6.42,-7.29,-0.72
-6.28,-7.25,-0.71
-6.13,-7.21,-0.61
-6.16,-7.32,-0.63
-6.21,-7.3,-0.67
-6.27,-7.35,-0.66
-6.35,-7.31,-0.63
-6.35,-7.2,-0.64
-6.32,-7.27,-0.57
-6.29,-7.33,-0.57
-6.36,-7.27,-0.7
-6.33,-7.19,-0.48
-6.35,-7.27,-0.54
-6.25,-7.33,-0.56
-6.24,-7.32,-0.54
-6.3,-7.32,-0.64
-6.3,-7.25,-0.52
-6.18,-7.21,-0.58
-6.18,-7.24,-0.6
-5.94,-7.28,-0.65
-5.89,-7.37,-0.62
-5.9,-7.31,-0.51
-5.89,-7.25,-0.55
-5.95,-7.18,-0.66
-6.04,-7.31,-0.56
-6.02,-7.34,-0.3
-6.09,-7.31,-0.59
-6.1,-7.21,-0.48
-6.1,-7.23,-0.51
-6.19,-7.27,-0.55
-6.21,-7.35,-0.45
-6.06,-7.35,-0.62
-5.96,-7.3,-0.47
-5.97,-7.27,-0.45
-6.08,-7.18,-0.47
-6.13,-7.31,-0.53
-6.17,-7.33,-0.71
-6.24,-7.33,-0.56
-6.3,-7.34,-0.52
-6.38,-7.31,-0.45
-6.43,-7.28,-0.57
-6.42,-7.3,-0.52
-6.46,-7.25,-0.43
-6.49,-7.29,-0.48
-6.43,-7.26,-0.49
-6.32,-7.32,-0.61
-6.24,-7.26,-0.42
-6.18,-7.25,-0.52
-6.22,-7.23,-0.42
-6.09,-7.28,-0.55
-6.07,-7.33,-0.51
-5.98,-7.31,-0.4
-5.86,-7.21,-0.59
-5.76,-7.2,-0.38
-5.64,-7.32,-0.5
-5.63,-7.27,-0.55
-5.75,-7.27,-0.36
-5.88,-7.23,-0.42
-5.99,-7.24,-0.5
-6,-7.28,-0.33
-6.04,-7.3,-0.42
-6.16,-7.3,-0.43
-6.22,-7.25,-0.3
-6.34,-7.26,-0.5
-6.34,-7.34,-0.47
-6.52,-7.34,-0.58
-6.52,-7.31,-0.48
-6.46,-7.33,-0.51
-6.48,-7.26,-0.5
-6.43,-7.36,-0.56
-6.46,-7.37,-0.56
-6.53,-7.39,-0.48
-6.57,-7.23,-0.56
-6.6,-7.22,-0.46
-6.57,-7.26,-0.5
-6.45,-7.4,-0.61
-6.46,-7.36,-0.46
-6.47,-7.32,-0.66
-6.32,-7.25,-0.41
-6.28,-7.27,-0.4
-6.23,-7.35,-0.47
-6.26,-7.4,-0.36
-6.18,-7.3,-0.57
-6.06,-7.22,-0.37
-6.03,-7.26,-0.36
-5.93,-7.32,-0.46
-5.9,-7.31,-0.48
-5.86,-7.27,-0.44
-5.9,-7.26,-0.52
-5.9,-7.29,-0.4
-5.96,-7.32,-0.53
-5.89,-7.32,-0.49
-5.91,-7.32,-0.5
-5.93,-7.29,-0.5
-6,-7.23,-0.46
-6.05,-7.33,-0.53
-6.14,-7.29,-0.41
-6.16,-7.32,-0.55
-6.05,-7.26,-0.5
-5.95,-7.24,-0.44
-5.72,-7.27,-0.55
-5.66,-7.25,-0.4
-5.78,-7.23,-0.5
-5.87,-7.21,-0.46
-5.92,-7.25,-0.49
-6.01,-7.37,-0.52
-6.23,-7.33,-0.47
-6.28,-7.26,-0.6
-6.26,-7.27,-0.51
-6.27,-7.26,-0.54
-6.39,-7.35,-0.62
-6.34,-7.33,-0.48
-6.43,-7.28,-0.7
-6.52,-7.2,-0.59
-6.49,-7.33,-0.59
-6.53,-7.34,-0.59
-6.47,-7.39,-0.73
-6.52,-7.32,-0.63
-6.5,-7.23,-0.56
-6.53,-7.28,-0.8
-6.49,-7.39,-0.69
-6.48,-7.43,-0.73
-6.39,-7.33,-0.7
-6.38,-7.24,-0.63
-6.29,-7.18,-0.64
-6.21,-7.27,-0.66
-6.15,-7.33,-0.68
-6.07,-7.38,-0.66
-6.08,-7.26,-0.51
-6.01,-7.21,-0.54
-5.99,-7.3,-0.75
-5.92,-7.33,-0.61
-5.91,-7.28,-0.7
-5.83,-7.24,-0.59
-5.81,-7.2,-0.58
-5.85,-7.26,-0.62
-5.92,-7.35,-0.56
-5.91,-7.29,-0.77
-5.99,-7.22,-0.47
-5.99,-7.21,-0.68
-6.09,-7.29,-0.68
-6.05,-7.39,-0.64
-6.17,-7.27,-0.73
-6.17,-7.27,-0.64
-6.14,-7.31,-0.57
-6.25,-7.34,-0.64
-6.3,-7.38,-0.69
-6.3,-7.29,-0.67
-6.36,-7.23,-0.59
-6.33,-7.29,-0.54
-6.36,-7.29,-0.53
-6.48,-7.36,-0.82
-6.42,-7.31,-0.35
-6.36,-7.27,-0.57
-6.38,-7.3,-0.33
-6.29,-7.34,-0.71
-6.37,-7.38,-0.56
-6.23,-7.3,-0.46
-6.24,-7.24,-0.59
-6.22,-7.26,-0.44
-6.11,-7.4,-0.61
-6.07,-7.38,-0.4
-6.16,-7.3,-0.49
-6.11,-7.23,-0.53
-6.03,-7.23,-0.39
-6.12,-7.24,-0.47
-6.03,-7.37,-0.37
-5.99,-7.37,-0.46
-5.94,-7.21,-0.44
-6.03,-7.17,-0.53
-6.02,-7.34,-0.33
-6,-7.39,-0.39
-6.09,-7.34,-0.38
-6.1,-7.32,-0.34
-6.12,-7.26,-0.47
-6.06,-7.24,-0.42
-6.05,-7.36,-0.4
-6.07,-7.37,-0.39
-6.04,-7.26,-0.42
-6.1,-7.18,-0.32
-6.17,-7.24,-0.33
-6.08,-7.3,-0.41
-6.07,-7.26,-0.34
-6.01,-7.32,-0.29
-6.09,-7.22,-0.38
-6.02,-7.26,-0.35
-6.13,-7.4,-0.38
-6.12,-7.41,-0.28
-6.14,-7.29,-0.38
-6.21,-7.22,-0.3
-6.2,-7.32,-0.26
-6.23,-7.36,-0.43
-6.26,-7.33,-0.31
-6.25,-7.27,-0.43
-6.22,-7.28,-0.33
-6.17,-7.29,-0.47
-6.35,-7.36,-0.45
-6.39,-7.3,-0.41
-6.32,-7.32,-0.46
-6.37,-7.28,-0.47
-6.31,-7.26,-0.36
-6.31,-7.33,-0.52
-6.28,-7.32,-0.51
-6.37,-7.28,-0.46
-6.32,-7.27,-0.54
-6.33,-7.28,-0.49
-6.34,-7.32,-0.43
-6.34,-7.26,-0.55
-6.18,-7.29,-0.49
-6.21,-7.29,-0.5
-6.17,-7.33,-0.6
-6.14,-7.36,-0.52
-6.1,-7.32,-0.56
-6.14,-7.29,-0.6
-6.08,-7.23,-0.51
-6.08,-7.29,-0.56
-5.99,-7.29,-0.54
-6.04,-7.3,-0.66
-5.97,-7.22,-0.66
-6,-7.15,-0.55
-5.94,-7.23,-0.71
-5.97,-7.33,-0.46
-6.01,-7.35,-0.68
-6.11,-7.29,-0.62
-6.08,-7.22,-0.65
-6.16,-7.25,-0.61
-6.07,-7.35,-0.67
-6.11,-7.34,-0.7
-6.2,-7.31,-0.49
-6.2,-7.25,-0.75
-6.22,-7.27,-0.65
-6.24,-7.32,-0.66
-6.32,-7.39,-0.73
-6.26,-7.27,-0.53
-6.24,-7.23,-0.66
-6.22,-7.19,-0.65
-6.27,-7.35,-0.61
-6.28,-7.33,-0.61
-6.27,-7.27,-0.59
-6.29,-7.27,-0.61
-6.14,-7.25,-0.63
-6.2,-7.3,-0.57
-6,-7.28,-0.62
-6.05,-7.26,-0.65
-6.1,-7.32,-0.55
-6.2,-7.18,-0.6
-6.09,-7.28,-0.7
-6.12,-7.31,-0.53
-6.04,-7.33,-0.55
-6.14,-7.29,-0.62
-6.08,-7.37,-0.46
-6.08,-7.34,-0.75
-6.19,-7.27,-0.53
-6.22,-7.28,-0.51
-6.13,-7.26,-0.64
-6.2,-7.18,-0.48
-6.17,-7.36,-0.68
-6.19,-7.34,-0.45
-6.22,-7.31,-0.51
-6.22,-7.21,-0.62
-6.2,-7.24,-0.31
-6.19,-7.28,-0.48
-6.22,-7.41,-0.67
-6.22,-7.35,-0.39
-6.27,-7.21,-0.67
-6.21,-7.23,-0.41
-6.18,-7.36,-0.46
-6.17,-7.39,-0.59
-6.14,-7.36,-0.31
-6.15,-7.22,-0.66
-6.14,-7.23,-0.38
-6.1,-7.36,-0.57
-6.13,-7.42,-0.52
-6.13,-7.32,-0.32
-6.22,-7.2,-0.57
-6.14,-7.26,-0.45
-6.14,-7.36,-0.32
-6.09,-7.38,-0.5
-6.14,-7.34,-0.44
-6.13,-7.3,-0.49
-6.21,-7.26,-0.51
-6.15,-7.31,-0.48
-6.2,-7.36,-0.54
-6.09,-7.29,-0.45
-6.06,-7.25,-0.64
-6.18,-7.24,-0.48
-6.19,-7.26,-0.49
-6.1,-7.37,-0.61
-6.2,-7.37,-0.51
-6.14,-7.27,-0.56
-6.03,-7.23,-0.44
-5.99,-7.26,-0.6
-6.07,-7.35,-0.58
-6.14,-7.33,-0.46
-6.09,-7.34,-0.72
-6.2,-7.3,-0.41
-6.17,-7.32,-0.42
-6.11,-7.34,-0.67
-6.14,-7.31,-0.32
-6.15,-7.2,-0.65
-6.12,-7.29,-0.41
-6.13,-7.33,-0.48
-6.1,-7.31,-0.49
-6.15,-7.27,-0.47
-6.26,-7.21,-0.66
-6.27,-7.28,-0.45
-6.2,-7.39,-0.31
-6.29,-7.33,-0.59
-6.23,-7.31,-0.53
-6.19,-7.22,-0.49
-6.17,-7.25,-0.63
-6.28,-7.3,-0.59
-6.2,-7.39,-0.56
-6.16,-7.43,-0.56
-6.09,-7.4,-0.53
-6.14,-7.29,-0.52
-6.16,-7.3,-0.32
-6.05,-7.31,-0.63
-6.08,-7.37,-0.45
-6.22,-7.27,-0.5
-6.15,-7.28,-0.62
-6.1,-7.22,-0.47
-6.14,-7.31,-0.53
-6.07,-7.35,-0.39
-6.03,-7.37,-0.5
-6.01,-7.22,-0.44
-6.06,-7.31,-0.4
-6.04,-7.4,-0.54
-6.19,-7.39,-0.48
-6.12,-7.33,-0.43
-6.12,-7.25,-0.41
-6.2,-7.25,-0.51
-6.21,-7.31,-0.54
-6.18,-7.31,-0.47
-6.24,-7.31,-0.41
-6.18,-7.3,-0.55
-6.22,-7.26,-0.49
-6.15,-7.26,-0.43
-6.18,-7.36,-0.61
-6.14,-7.28,-0.36
-6.21,-7.28,-0.51
-6.19,-7.26,-0.54
-6.18,-7.3,-0.37
-6.19,-7.24,-0.54
-6.08,-7.3,-0.5
-6.04,-7.33,-0.53
-6.03,-7.35,-0.51
-6.01,-7.37,-0.44
-5.96,-7.3,-0.57
-5.98,-7.3,-0.61
-6.04,-7.2,-0.42
-6.07,-7.29,-0.55
-6.07,-7.33,-0.46
-6.17,-7.36,-0.47
-6.14,-7.3,-0.6
-6.23,-7.21,-0.48
-6.27,-7.24,-0.53
-6.25,-7.32,-0.68
-6.25,-7.34,-0.58
-6.35,-7.27,-0.6
-6.27,-7.26,-0.52
-6.16,-7.31,-0.52
-5.97,-7.36,-0.53
-5.97,-7.38,-0.61
-6.03,-7.35,-0.62
-6.1,-7.29,-0.56
-6.11,-7.32,-0.54
-6.07,-7.36,-0.72
-6.16,-7.28,-0.51
-6.13,-7.25,-0.61
-6.22,-7.24,-0.69
-6.3,-7.28,-0.54
-6.25,-7.34,-0.59
-6.18,-7.42,-0.66
-6.14,-7.3,-0.63
-6.24,-7.31,-0.66
-6.23,-7.25,-0.61
-6.19,-7.25,-0.6
-6.16,-7.39,-0.78
-6.03,-7.4,-0.78
-5.95,-7.29,-0.61
-6.06,-7.29,-0.64
-6.21,-7.29,-0.58
-6.14,-7.3,-0.79
-6.08,-7.33,-0.58
-6.11,-7.31,-0.61
-6.1,-7.23,-0.72
-6.18,-7.29,-0.55
-6.19,-7.28,-0.54
-6.17,-7.32,-0.62
-6.16,-7.35,-0.54
-6.22,-7.33,-0.47
-6.2,-7.27,-0.62
-6.28,-7.29,-0.63
-6.23,-7.25,-0.56
-6.21,-7.28,-0.64
-6.18,-7.3,-0.59
-6.25,-7.38,-0.6
-6.22,-7.37,-0.62
-6.27,-7.31,-0.61
-6.28,-7.32,-0.64
-6.24,-7.37,-0.48
-6.19,-7.3,-0.58
-6.16,-7.4,-0.54
-6.18,-7.33,-0.51
-6.16,-7.3,-0.42
-6.25,-7.23,-0.5
-6.15,-7.32,-0.31
-6,-7.35,-0.63
-5.92,-7.31,-0.58
-5.81,-7.27,-0.36
-5.88,-7.24,-0.61
-5.93,-7.25,-0.44
-5.91,-7.25,-0.5
-5.95,-7.37,-0.45
-5.99,-7.35,-0.33
-6.02,-7.27,-0.65
-5.98,-7.23,-0.27
-6.08,-7.32,-0.47
-6.21,-7.37,-0.44
-6.17,-7.33,-0.43
-6.25,-7.3,-0.5
-6.15,-7.27,-0.35
-6.14,-7.34,-0.53
-6.1,-7.33,-0.33
-6.13,-7.35,-0.48
-6.14,-7.29,-0.53
-6.12,-7.27,-0.33
-6.29,-7.33,-0.5
-6.26,-7.37,-0.43
-6.24,-7.37,-0.38
-6.2,-7.34,-0.48
-6.25,-7.31,-0.37
-6.21,-7.31,-0.43
-6.21,-7.34,-0.42
-6.34,-7.33,-0.38
-6.21,-7.32,-0.52
-6.28,-7.31,-0.35
-6.22,-7.34,-0.43
-6.26,-7.38,-0.54
-6.27,-7.32,-0.39
-6.23,-7.28,-0.48
-6.22,-7.32,-0.41
-6.25,-7.3,-0.4
-6.2,-7.37,-0.55
-6.13,-7.31,-0.37
-6.15,-7.35,-0.66
-6.02,-7.32,-0.41
-6.02,-7.36,-0.59
-5.98,-7.31,-0.46
-5.98,-7.28,-0.45
-5.97,-7.26,-0.57
-5.97,-7.33,-0.44
-6.01,-7.23,-0.56
-6.09,-7.3,-0.63
-6.14,-7.3,-0.35
-6.13,-7.31,-0.65
-6.15,-7.28,-0.5
-6.11,-7.37,-0.55
-6.09,-7.41,-0.61
-6.2,-7.26,-0.57
-6.22,-7.2,-0.61
-6.26,-7.21,-0.51
-6.19,-7.33,-0.55
-6,-7.34,-0.55
-5.86,-7.33,-0.59
-5.72,-7.31,-0.4
-5.81,-7.23,-0.58
-5.79,-7.28,-0.5
-6.02,-7.36,-0.64
-6.03,-7.31,-0.6
-6.06,-7.33,-0.52
-6.09,-7.23,-0.59
-6.13,-7.28,-0.57
-6.2,-7.4,-0.73
-6.23,-7.4,-0.6
-6.21,-7.33,-0.58
-6.32,-7.25,-0.52
-6.18,-7.27,-0.65
-6.21,-7.35,-0.73
-6.24,-7.39,-0.66
-6.23,-7.39,-0.65
-6.25,-7.37,-0.64
-6.25,-7.29,-0.58
-6.26,-7.28,-0.6
-6.33,-7.32,-0.57
-6.3,-7.34,-0.63
-6.34,-7.33,-0.71
-6.39,-7.32,-0.64
-6.34,-7.33,-0.65
-6.3,-7.35,-0.65
-6.23,-7.35,-0.52
-6.29,-7.28,-0.62
-6.29,-7.37,-0.46
-6.24,-7.34,-0.57
-6.21,-7.35,-0.53
-6.26,-7.32,-0.56
-6.17,-7.26,-0.74
-6.13,-7.31,-0.57
-6.06,-7.35,-0.74
-6.05,-7.32,-0.56
-5.97,-7.26,-0.72
-5.95,-7.3,-0.6
-6.02,-7.33,-0.58
-5.94,-7.35,-0.68
-5.98,-7.33,-0.4
-5.99,-7.28,-0.53
-5.97,-7.19,-0.48
-5.97,-7.26,-0.5
-5.97,-7.34,-0.46
-6.03,-7.34,-0.5
-6.06,-7.28,-0.55
-6.19,-7.26,-0.49
-6.25,-7.37,-0.39
-6.14,-7.35,-0.56
-6.19,-7.33,-0.64
-6.2,-7.39,-0.43
-6.2,-7.3,-0.58
-6.26,-7.27,-0.54
-6.31,-7.37,-0.59
-6.34,-7.4,-0.57
-6.33,-7.32,-0.51
-6.34,-7.26,-0.49
-6.17,-7.2,-0.53
-6,-7.27,-0.58
-5.98,-7.29,-0.46
-5.96,-7.36,-0.45
-5.99,-7.33,-0.59
-6.01,-7.24,-0.36
-6.11,-7.24,-0.41
-6.1,-7.34,-0.45
-6.07,-7.38,-0.34
-6.08,-7.31,-0.45
-6.08,-7.25,-0.41
-6.09,-7.26,-0.36
-6.1,-7.37,-0.45
-6.16,-7.42,-0.54
-6.26,-7.32,-0.67
-6.27,-7.34,-0.49
-6.22,-7.31,-0.49
-6.11,-7.4,-0.5
-5.99,-7.43,-0.47
-6.1,-7.25,-0.67
-6.05,-7.28,-0.47
-6.16,-7.32,-0.53
-6.11,-7.36,-0.39
-6.19,-7.31,-0.49
-6.21,-7.33,-0.45
-6.17,-7.29,-0.57
-6.2,-7.34,-0.43
-6.16,-7.34,-0.45
-6.25,-7.4,-0.47
-6.32,-7.24,-0.5
-6.24,-7.29,-0.47
-6.3,-7.36,-0.52
-6.18,-7.36,-0.54
-6.14,-7.33,-0.53
-6.2,-7.31,-0.61
-6.21,-7.24,-0.61
-6.13,-7.36,-0.53
-6.05,-7.41,-0.66
-6.11,-7.37,-0.48
-6.21,-7.3,-0.51
-6.2,-7.23,-0.46
-6.12,-7.26,-0.43
-6.01,-7.37,-0.51
-6.01,-7.35,-0.46
-6.03,-7.25,-0.52
-6.02,-7.26,-0.48
-6.05,-7.24,-0.34
-6.11,-7.41,-0.56
-6.08,-7.44,-0.55
-6.09,-7.26,-0.41
-6.05,-7.24,-0.6
-6.12,-7.26,-0.41
-6.05,-7.36,-0.6
-6.08,-7.43,-0.57
-6.08,-7.36,-0.5
-6.02,-7.24,-0.59
-6.16,-7.22,-0.53
-6.17,-7.32,-0.44
-6.1,-7.39,-0.47
-6.1,-7.31,-0.62
-6.04,-7.29,-0.57
-6.08,-7.31,-0.48
-6.15,-7.34,-0.48
-6.15,-7.33,-0.49
-6.15,-7.37,-0.61
-6.15,-7.28,-0.36
-6.13,-7.35,-0.55
-6.21,-7.29,-0.53
-6.11,-7.33,-0.53
-6.18,-7.33,-0.56
-6.14,-7.33,-0.49
-6.17,-7.34,-0.61
-6.14,-7.42,-0.56
-6.14,-7.41,-0.61
-6.16,-7.25,-0.57
-6.27,-7.32,-0.65
-6.07,-7.28,-0.41
-6.01,-7.38,-0.62
-5.87,-7.33,-0.48
-5.87,-7.3,-0.46
-5.9,-7.26,-0.53
-5.95,-7.23,-0.49
-6.06,-7.35,-0.46
-6.01,-7.4,-0.62
-5.97,-7.26,-0.43
-6,-7.27,-0.5
-5.99,-7.31,-0.56
-6.03,-7.31,-0.5
-6.11,-7.37,-0.67
-6.2,-7.34,-0.66
-6.29,-7.29,-0.65
-6.26,-7.33,-0.62
-6.19,-7.37,-0.57
-6.08,-7.41,-0.74
-6.14,-7.36,-0.64
-6.06,-7.3,-0.61
-6.15,-7.29,-0.71
-6.22,-7.41,-0.52
-6.2,-7.42,-0.68
-6.24,-7.32,-0.7
-6.3,-7.26,-0.58
-6.29,-7.23,-0.52
-6.31,-7.28,-0.54
-6.35,-7.43,-0.65
-6.35,-7.4,-0.61
-6.35,-7.39,-0.56
-6.24,-7.29,-0.57
-6.35,-7.37,-0.5
-6.22,-7.38,-0.64
-6.27,-7.41,-0.68
-6.18,-7.29,-0.58
-6.24,-7.27,-0.58
-6.19,-7.27,-0.54
-6.2,-7.41,-0.63
-6.13,-7.35,-0.54
-6.14,-7.28,-0.55
-6.14,-7.31,-0.51
-6.03,-7.37,-0.5
-6.05,-7.35,-0.53
-5.99,-7.36,-0.46
-5.97,-7.26,-0.47
-6,-7.27,-0.46
-6.03,-7.32,-0.47
-6.08,-7.33,-0.53
-6.07,-7.36,-0.44
-6.03,-7.26,-0.5
-5.95,-7.23,-0.53
-5.87,-7.34,-0.46
-5.89,-7.38,-0.52
-5.92,-7.34,-0.46
-6.01,-7.32,-0.48
-6.1,-7.31,-0.49
-6.04,-7.35,-0.44
-6.06,-7.38,-0.46
-6.11,-7.37,-0.43
-6.15,-7.25,-0.37
-6.22,-7.26,-0.45
-6.31,-7.34,-0.35
-6.32,-7.52,-0.48
-6.28,-7.44,-0.44
-6.3,-7.31,-0.35
-6.25,-7.18,-0.46
-6.26,-7.31,-0.43
-6.32,-7.37,-0.45
-6.31,-7.42,-0.48
-6.33,-7.32,-0.5
-6.28,-7.26,-0.45
-6.28,-7.24,-0.54
-6.24,-7.42,-0.46
-6.16,-7.44,-0.55
-6.23,-7.38,-0.46
-6.13,-7.26,-0.48
-6.15,-7.3,-0.42
-6.14,-7.42,-0.43
-6.09,-7.41,-0.6
-6.09,-7.38,-0.32
-6.06,-7.25,-0.43
-6.08,-7.28,-0.44
-6.02,-7.38,-0.55
-5.94,-7.34,-0.44
-6.04,-7.28,-0.39
-6.02,-7.25,-0.55
-6,-7.33,-0.45
-6.01,-7.34,-0.52
-6.03,-7.39,-0.57
-6.04,-7.3,-0.45
-6.04,-7.19,-0.5
-6.02,-7.39,-0.61
-6.1,-7.33,-0.44
-6.08,-7.37,-0.64
-6.06,-7.33,-0.55
-6.09,-7.37,-0.54
-6.2,-7.34,-0.59
-6.17,-7.33,-0.41
-6.14,-7.35,-0.56
-6.2,-7.33,-0.46
-6.25,-7.31,-0.41
-6.16,-7.28,-0.69
-6.25,-7.35,-0.46
-6.23,-7.33,-0.56
-6.25,-7.33,-0.54
-6.21,-7.25,-0.49
-6.23,-7.29,-0.67
-6.16,-7.41,-0.58
-6.18,-7.42,-0.68
-6.2,-7.24,-0.69
-6.08,-7.18,-0.49
-6.12,-7.28,-0.65
-6.11,-7.38,-0.56
-6.08,-7.44,-0.71
-6.08,-7.32,-0.69
-6.14,-7.25,-0.51
-6.03,-7.25,-0.67
-6.02,-7.34,-0.54
-5.97,-7.43,-0.61
-6.04,-7.41,-0.6
-6.07,-7.31,-0.42
-6.07,-7.29,-0.56
-6.12,-7.31,-0.6
-6.08,-7.37,-0.76
-6.08,-7.36,-0.67
-6.02,-7.26,-0.54
-6.1,-7.26,-0.62
-6.09,-7.28,-0.63
-6.14,-7.37,-0.66
-6.16,-7.33,-0.62
-6.22,-7.26,-0.45
-6.25,-7.28,-0.62
-6.19,-7.37,-0.59
-6.21,-7.31,-0.58
-6.24,-7.38,-0.61
-6.22,-7.35,-0.51
-6.18,-7.31,-0.53
-6,-7.37,-0.55
-6,-7.41,-0.66
-6.02,-7.34,-0.53
-6.01,-7.31,-0.52
-5.94,-7.22,-0.45
-5.99,-7.29,-0.56
-6.04,-7.38,-0.5
-5.99,-7.35,-0.6
-6.06,-7.34,-0.52
-5.89,-7.3,-0.48
-6,-7.37,-0.61
-6.12,-7.37,-0.37
-6.14,-7.29,-0.56
-6.14,-7.23,-0.45
-6.23,-7.3,-0.41
-6.23,-7.4,-0.47
-6.3,-7.44,-0.54
-6.31,-7.35,-0.57
-6.42,-7.27,-0.52
-6.39,-7.32,-0.42
-6.34,-7.39,-0.57
-6.15,-7.45,-0.44
-6.26,-7.31,-0.53
-6.34,-7.28,-0.56
-6.31,-7.25,-0.42
-6.24,-7.39,-0.43
-6.13,-7.39,-0.61
-6.16,-7.37,-0.45
-6.08,-7.31,-0.5
-6.06,-7.24,-0.52
-5.97,-7.34,-0.24
-5.96,-7.34,-0.51
-5.98,-7.36,-0.44
-5.98,-7.32,-0.46
-6,-7.3,-0.38
-6.01,-7.3,-0.5
-6.11,-7.39,-0.43
-5.97,-7.32,-0.43
-6.04,-7.33,-0.55
-6.03,-7.24,-0.4
-6.07,-7.28,-0.36
-6.08,-7.34,-0.51
-6.08,-7.34,-0.63
-6.16,-7.31,-0.59
-6.22,-7.24,-0.41
-6.2,-7.31,-0.53
-6.17,-7.4,-0.47
-6.12,-7.42,-0.53
-6.23,-7.33,-0.46
-6.2,-7.27,-0.43
-6.24,-7.3,-0.41
-6.15,-7.4,-0.64
-6.2,-7.36,-0.48
-6.12,-7.29,-0.6
-6.04,-7.3,-0.49
-6.03,-7.33,-0.44
-6.05,-7.35,-0.56
-6.08,-7.36,-0.49
-6.08,-7.29,-0.55
-6.1,-7.31,-0.45
-6.1,-7.34,-0.39
-6.08,-7.39,-0.55
-6.13,-7.33,-0.64
-6.09,-7.24,-0.45
-6.19,-7.29,-0.52
-6.15,-7.37,-0.5
-6.22,-7.44,-0.54
-6.15,-7.39,-0.53
-6.16,-7.31,-0.5
-6.16,-7.2,-0.48
-6.12,-7.32,-0.6
-6.11,-7.36,-0.47
-6.09,-7.47,-0.57
-6.12,-7.29,-0.56
-6.14,-7.28,-0.46
-6.17,-7.25,-0.71
-6.14,-7.41,-0.53
-6.09,-7.39,-0.5
-5.99,-7.32,-0.6
-6.08,-7.31,-0.38
-6.01,-7.25,-0.64
-6.03,-7.33,-0.6
-6.08,-7.4,-0.52
-6.08,-7.36,-0.64
-6.17,-7.3,-0.48
-6.19,-7.28,-0.36
-6.18,-7.34,-0.72
-6.14,-7.41,-0.49
-6.15,-7.41,-0.57
-6.14,-7.31,-0.56
-6.08,-7.36,-0.53
-6.21,-7.33,-0.6
-6.14,-7.39,-0.6
-6.22,-7.37,-0.64
-6.2,-7.28,-0.56
-6.19,-7.3,-0.58
-6.18,-7.4,-0.56
-6.13,-7.36,-0.56
-6.13,-7.4,-0.66
-6.21,-7.31,-0.62
-6.1,-7.32,-0.59
-6.14,-7.38,-0.47
-6.15,-7.39,-0.57
-6.07,-7.36,-0.44
-6.1,-7.27,-0.56
-6.11,-7.33,-0.53
-6.05,-7.38,-0.61
-6.09,-7.34,-0.56
-6.08,-7.31,-0.49
-6.04,-7.24,-0.66
-6.09,-7.31,-0.53
-6.08,-7.38,-0.44
-6,-7.36,-0.53
-6.14,-7.31,-0.59
-6.09,-7.25,-0.53
-6.07,-7.26,-0.59
-6.08,-7.41,-0.6
-6.12,-7.45,-0.51
-6.04,-7.31,-0.63
-6.12,-7.25,-0.55
-6.01,-7.27,-0.45
-5.98,-7.31,-0.64
-5.97,-7.33,-0.35
-5.96,-7.33,-0.66
-5.88,-7.32,-0.5
-5.93,-7.25,-0.47
-5.98,-7.32,-0.42
-6.05,-7.34,-0.54
-6.05,-7.39,-0.55
-6.1,-7.35,-0.56
-6.16,-7.26,-0.44
-6.17,-7.29,-0.6
-6.14,-7.37,-0.49
-6.23,-7.41,-0.51
-6.34,-7.39,-0.64
-6.36,-7.33,-0.43
-6.31,-7.29,-0.55
-6.27,-7.38,-0.47
-6.22,-7.38,-0.6
-6.22,-7.32,-0.51
-6.17,-7.31,-0.61
-6.28,-7.36,-0.55
-6.19,-7.35,-0.49
-6.24,-7.38,-0.6
-6.18,-7.37,-0.61
-6.2,-7.29,-0.42
-6.08,-7.25,-0.49
-6.05,-7.35,-0.51
-6.07,-7.31,-0.42
-6.13,-7.33,-0.51
-6.14,-7.28,-0.43
-6.09,-7.32,-0.36
-6.1,-7.33,-0.54
-6.03,-7.32,-0.4
-5.98,-7.35,-0.5
-6.03,-7.33,-0.47
-6.09,-7.26,-0.45
-6.01,-7.39,-0.45
-6.19,-7.33,-0.44
-6.14,-7.28,-0.54
-6.08,-7.31,-0.51
-6.11,-7.28,-0.44
-6.07,-7.37,-0.55
-6.11,-7.3,-0.42
-6.12,-7.31,-0.52
-6.2,-7.19,-0.48
-6.22,-7.38,-0.31
-6.2,-7.39,-0.67
-6.11,-7.37,-0.42
-6.1,-7.37,-0.56
-6.06,-7.34,-0.57
-6.02,-7.33,-0.38
-5.96,-7.33,-0.64
-6.08,-7.46,-0.5
-6.07,-7.41,-0.4
-6.11,-7.33,-0.65
-6.09,-7.3,-0.44
-6.11,-7.36,-0.47
-6.08,-7.41,-0.43
-6.13,-7.41,-0.41
-6.03,-7.41,-0.42
-6.14,-7.26,-0.49
-6.21,-7.38,-0.36
-6.06,-7.42,-0.61
-6.08,-7.36,-0.38
-6.08,-7.24,-0.47
-6.13,-7.3,-0.47
-6.1,-7.36,-0.62
-6.12,-7.36,-0.63
-6.14,-7.35,-0.55
-6.14,-7.29,-0.59
-6.16,-7.32,-0.59
-6.18,-7.34,-0.55
-6.25,-7.39,-0.58
-6.25,-7.29,-0.56
-6.04,-7.35,-0.56
-5.9,-7.31,-0.56
-5.83,-7.29,-0.56
-5.98,-7.33,-0.6
-6.02,-7.37,-0.52
-6.03,-7.34,-0.63
-6.05,-7.27,-0.41
-6.03,-7.34,-0.57
-6.03,-7.31,-0.6
-6.1,-7.27,-0.49
-6.13,-7.31,-0.6
-6.2,-7.34,-0.54
-6.13,-7.34,-0.6
-6.01,-7.39,-0.64
-5.98,-7.33,-0.47
-5.97,-7.29,-0.59
-6.07,-7.31,-0.61
-6.03,-7.41,-0.6
-6.13,-7.34,-0.6
-6.18,-7.4,-0.56
-6.18,-7.24,-0.49
-6.24,-7.35,-0.58
-6.27,-7.32,-0.48
-6.26,-7.4,-0.58
-6.28,-7.35,-0.57
-6.05,-7.35,-0.62
-6,-7.29,-0.63
-6.06,-7.33,-0.45
-6.13,-7.37,-0.5
-6.19,-7.4,-0.6
-6.21,-7.36,-0.58
-6.23,-7.27,-0.52
-6.31,-7.29,-0.51
-6.21,-7.37,-0.45
-6.22,-7.35,-0.59
-6.23,-7.34,-0.51
-6.28,-7.36,-0.58
-6.23,-7.29,-0.67
-6.29,-7.33,-0.56
-6.11,-7.35,-0.55
-5.99,-7.31,-0.59
-6,-7.32,-0.41
-6.03,-7.3,-0.49
-6.01,-7.38,-0.62
-6.03,-7.4,-0.55
-6.09,-7.31,-0.48
-6.09,-7.34,-0.49
-6.09,-7.31,-0.43
-6.17,-7.36,-0.41
-6.1,-7.37,-0.5
-6.09,-7.34,-0.63
-6.2,-7.35,-0.46
-6.19,-7.37,-0.56
-6.14,-7.39,-0.57
-6.18,-7.35,-0.53
-6.14,-7.35,-0.59
-6.08,-7.34,-0.53
-6.14,-7.36,-0.51
-6.14,-7.37,-0.56
-6.15,-7.31,-0.54
-6.12,-7.29,-0.6
-6.13,-7.35,-0.56
-6.16,-7.36,-0.49
-6.13,-7.4,-0.57
-6.13,-7.42,-0.47
-6.08,-7.34,-0.46
-6.08,-7.25,-0.48
-6.14,-7.27,-0.42
-6.11,-7.32,-0.47
-6.07,-7.37,-0.49
-6.03,-7.32,-0.6
-6.11,-7.3,-0.55
-6.13,-7.28,-0.56
-6.13,-7.32,-0.44
-6.07,-7.39,-0.45
-6.03,-7.4,-0.51
-6,-7.38,-0.53
-6.04,-7.31,-0.49
-6.08,-7.37,-0.54
-6.04,-7.38,-0.49
-6.11,-7.38,-0.47
-6.04,-7.28,-0.47
-6.01,-7.31,-0.49
-5.95,-7.31,-0.5
-5.96,-7.41,-0.44
-6.07,-7.39,-0.52
-6.14,-7.3,-0.42
-6.16,-7.28,-0.32
-6.09,-7.33,-0.44
-6.16,-7.4,-0.48
-6.13,-7.4,-0.48
-6.21,-7.34,-0.53
-6.18,-7.3,-0.46
-6.19,-7.32,-0.31
-6.14,-7.41,-0.44
-6.17,-7.43,-0.48
-6.23,-7.41,-0.54
-6.27,-7.31,-0.48
-6.24,-7.29,-0.38
-6.16,-7.29,-0.62
-6.14,-7.36,-0.5
-6.08,-7.36,-0.48
-6.12,-7.31,-0.42
-6.06,-7.36,-0.46
-6.16,-7.34,-0.54
-6.1,-7.34,-0.4
-6.03,-7.36,-0.5
-6.11,-7.29,-0.51
-5.98,-7.36,-0.55
-5.99,-7.37,-0.52
-6,-7.38,-0.64
-6.03,-7.25,-0.61
-6.08,-7.32,-0.55
-6.06,-7.34,-0.61
-6.07,-7.41,-0.56
-6,-7.41,-0.53
-6.06,-7.31,-0.64
-6.07,-7.31,-0.47
-6.08,-7.36,-0.55
-6.08,-7.34,-0.67
-6.1,-7.35,-0.63
-6.15,-7.31,-0.55
-6.16,-7.32,-0.57
-6.13,-7.28,-0.52
-6.13,-7.41,-0.55
-6.14,-7.38,-0.64
-6.15,-7.33,-0.63
-6.14,-7.3,-0.55
-6.15,-7.35,-0.63
-6.13,-7.43,-0.66
-6.16,-7.38,-0.64
-6.18,-7.32,-0.64
-6.18,-7.26,-0.63
-6.13,-7.27,-0.63
-6.12,-7.37,-0.68
-6.14,-7.43,-0.63
-6.07,-7.38,-0.49
-6.12,-7.25,-0.63
-6.12,-7.3,-0.62
-6.21,-7.31,-0.48
-6.11,-7.39,-0.58
-6.01,-7.36,-0.53
-6.09,-7.27,-0.56
-6.08,-7.28,-0.51
-6.06,-7.32,-0.5
-6.04,-7.42,-0.68
-6.02,-7.42,-0.58
-6.06,-7.37,-0.62
-6.09,-7.28,-0.54
-5.99,-7.34,-0.56
-5.79,-7.35,-0.67
-5.82,-7.33,-0.54
-5.91,-7.36,-0.51
-5.89,-7.31,-0.63
-5.8,-7.39,-0.5
-6.01,-7.37,-0.59
-5.94,-7.31,-0.28
-6.08,-7.38,-0.5
-6.12,-7.32,-0.39
-6.15,-7.37,-0.45
-6.17,-7.43,-0.46
-6.21,-7.37,-0.61
-6.31,-7.36,-0.44
-6.24,-7.33,-0.51
-6.38,-7.32,-0.47
-6.32,-7.36,-0.59
-6.26,-7.4,-0.55
-6.21,-7.27,-0.53
-6.27,-7.36,-0.48
-6.32,-7.39,-0.55
-6.33,-7.43,-0.6
-6.27,-7.37,-0.52
-6.29,-7.31,-0.48
-6.23,-7.26,-0.37
-6.21,-7.33,-0.56
-6.19,-7.32,-0.47
-6.16,-7.31,-0.45
-6.08,-7.31,-0.36
-6.11,-7.31,-0.52
-6.06,-7.4,-0.41
-6.06,-7.4,-0.5
-6.02,-7.41,-0.48
-5.96,-7.25,-0.47
-5.88,-7.21,-0.31
-5.74,-7.34,-0.6
-5.57,-7.4,-0.36
-5.48,-7.48,-0.5
-5.47,-7.28,-0.48
-5.7,-7.24,-0.42
-5.67,-7.24,-0.56
-5.75,-7.32,-0.33
-5.78,-7.37,-0.55
-5.87,-7.37,-0.37
-5.95,-7.28,-0.38
-6.05,-7.26,-0.51
-6.07,-7.32,-0.49
-6.18,-7.36,-0.37
-6.09,-7.36,-0.47
-5.92,-7.3,-0.45
-5.61,-7.24,-0.43
-5.59,-7.3,-0.51
-5.65,-7.35,-0.39
-5.83,-7.35,-0.57
-6.08,-7.36,-0.6
-6.11,-7.38,-0.49
-6.17,-7.39,-0.6
-6.29,-7.41,-0.38
-6.36,-7.27,-0.54
-6.42,-7.34,-0.59
-6.52,-7.34,-0.44
-6.64,-7.42,-0.51
-6.63,-7.42,-0.53
-6.68,-7.33,-0.62
-6.69,-7.34,-0.42
-6.71,-7.41,-0.61
-6.69,-7.4,-0.47
-6.63,-7.41,-0.55
-6.65,-7.39,-0.74
-6.66,-7.36,-0.45
-6.56,-7.38,-0.73
-6.53,-7.42,-0.7
-6.46,-7.42,-0.73
-6.5,-7.41,-0.57
-6.36,-7.31,-0.57
-6.25,-7.33,-0.51
-6.1,-7.45,-0.61
-6.03,-7.38,-0.6
-5.92,-7.4,-0.61
-5.86,-7.2,-0.42
-5.78,-7.26,-0.5
-5.7,-7.37,-0.49
-5.65,-7.48,-0.51
-5.63,-7.34,-0.52
-5.68,-7.28,-0.46
-5.64,-7.21,-0.39
-5.61,-7.33,-0.57
-5.64,-7.41,-0.38
-5.78,-7.4,-0.5
-5.92,-7.32,-0.33
-5.94,-7.31,-0.5
-5.95,-7.31,-0.56
-6.03,-7.38,-0.51
-6.07,-7.4,-0.69
-6.2,-7.29,-0.5
-6.3,-7.33,-0.61
-6.37,-7.39,-0.58
-6.35,-7.45,-0.5
-6.42,-7.46,-0.48
-6.41,-7.37,-0.56
-6.42,-7.27,-0.55
-6.42,-7.4,-0.54
-6.48,-7.4,-0.58
-6.47,-7.34,-0.59
-6.46,-7.3,-0.57
-6.37,-7.33,-0.61
-6.31,-7.38,-0.54
-6.22,-7.42,-0.6
-6.19,-7.31,-0.51
-6.14,-7.33,-0.48
-6.09,-7.31,-0.55
-6,-7.37,-0.52
-5.96,-7.43,-0.67
-5.95,-7.37,-0.62
-5.86,-7.3,-0.5
-5.81,-7.34,-0.58
-5.78,-7.38,-0.62
-5.81,-7.34,-0.5
-5.86,-7.32,-0.5
-5.86,-7.26,-0.48
-5.81,-7.31,-0.52
-5.91,-7.32,-0.44
-5.97,-7.47,-0.59
-5.99,-7.31,-0.6
-5.97,-7.29,-0.44
-6.05,-7.29,-0.62
-6.04,-7.32,-0.54
-6.14,-7.4,-0.41
-6.17,-7.46,-0.59
-6.16,-7.31,-0.53
-6.31,-7.3,-0.4
-6.31,-7.37,-0.42
-6.22,-7.4,-0.62
-6.33,-7.38,-0.6
-6.27,-7.35,-0.43
-6.28,-7.3,-0.47
-6.17,-7.3,-0.44
-6.2,-7.4,-0.49
-6.26,-7.42,-0.58
-6.23,-7.35,-0.52
-6.23,-7.34,-0.58
-6.2,-7.29,-0.48
-6.15,-7.37,-0.44
-6.05,-7.37,-0.57
-5.99,-7.32,-0.31
-5.91,-7.34,-0.51
-5.93,-7.38,-0.46
-5.91,-7.42,-0.4
-5.92,-7.34,-0.59
-5.96,-7.34,-0.31
-5.98,-7.34,-0.42
-5.88,-7.36,-0.55
-5.87,-7.41,-0.4
-5.91,-7.42,-0.55
-5.93,-7.32,-0.38
-5.97,-7.3,-0.43
-6.08,-7.32,-0.62
-6.09,-7.37,-0.45
-6.1,-7.37,-0.58
-6.09,-7.3,-0.49
-6.15,-7.32,-0.46
-6.18,-7.33,-0.52
-6.18,-7.39,-0.51
-6.25,-7.4,-0.49
-6.36,-7.32,-0.49
-6.3,-7.33,-0.42
-6.21,-7.37,-0.57
-6.02,-7.36,-0.49
-5.88,-7.41,-0.49
-5.99,-7.32,-0.48
-5.88,-7.31,-0.23
-5.85,-7.41,-0.46
-5.83,-7.48,-0.46
-5.85,-7.4,-0.58
-6.02,-7.29,-0.43
-6.05,-7.23,-0.37
-5.99,-7.32,-0.49
-5.99,-7.33,-0.41
-6.13,-7.39,-0.6
-6.12,-7.37,-0.52
-6.19,-7.28,-0.49
-6.19,-7.35,-0.5
-6.31,-7.39,-0.4
-6.3,-7.48,-0.62
-6.25,-7.44,-0.67
-6.29,-7.29,-0.52
-6.18,-7.28,-0.53
-6.29,-7.35,-0.46
-6.28,-7.44,-0.57
-6.24,-7.44,-0.58
-6.34,-7.36,-0.43
-6.26,-7.32,-0.58
-6.13,-7.33,-0.49
-5.98,-7.29,-0.56
-6,-7.38,-0.56
-5.99,-7.4,-0.39
-6.03,-7.37,-0.6
-6.1,-7.34,-0.61
-5.97,-7.34,-0.54
-6.05,-7.27,-0.62
-5.94,-7.29,-0.5
-6.02,-7.3,-0.5
-6.03,-7.42,-0.66
-6,-7.45,-0.6
-6.07,-7.42,-0.64
-6.09,-7.3,-0.59
-6.07,-7.3,-0.54
-6.06,-7.44,-0.67
-6.08,-7.42,-0.69
-6.13,-7.35,-0.59
-6.12,-7.3,-0.68
-6.13,-7.36,-0.61
-5.97,-7.36,-0.64
-5.97,-7.4,-0.69
-6.06,-7.38,-0.53
-6.03,-7.32,-0.54
-6.03,-7.37,-0.57
-6.09,-7.42,-0.57
-6.13,-7.36,-0.71
-6.09,-7.35,-0.61
-6.03,-7.29,-0.49
-5.97,-7.33,-0.56
-6.01,-7.47,-0.62
-6,-7.45,-0.62
-6.07,-7.39,-0.61
-6.2,-7.28,-0.41
-6.14,-7.29,-0.56
-6.17,-7.37,-0.42
-6.08,-7.47,-0.52
-6.24,-7.43,-0.61
-6.17,-7.32,-0.5
-6.18,-7.3,-0.56
-6.27,-7.36,-0.37
-6.21,-7.38,-0.56
-6.05,-7.35,-0.57
-6.01,-7.35,-0.49
-6.07,-7.32,-0.51
-6.05,-7.35,-0.5
-6.07,-7.38,-0.45
-6.11,-7.41,-0.56
-6.12,-7.39,-0.55
-6.13,-7.33,-0.39
-6.08,-7.4,-0.44
-6.11,-7.38,-0.55
-6.14,-7.39,-0.46
-6.16,-7.34,-0.52
-5.97,-7.34,-0.45
-6.02,-7.46,-0.37
-6.08,-7.45,-0.42
-6.09,-7.39,-0.46
-6.1,-7.32,-0.5
-5.97,-7.31,-0.37
-5.91,-7.38,-0.44
-5.88,-7.42,-0.41
-6,-7.41,-0.62
-6.05,-7.39,-0.34
-6.05,-7.31,-0.57
-6.11,-7.34,-0.39
-6.14,-7.42,-0.23
-6.08,-7.39,-0.6
-6.21,-7.33,-0.25
-6.15,-7.27,-0.58
-6.13,-7.32,-0.45
-6.14,-7.41,-0.34
-6.32,-7.45,-0.51
-6.41,-7.34,-0.38
-6.35,-7.35,-0.47
-6.34,-7.36,-0.41
-6.2,-7.47,-0.36
-6.27,-7.44,-0.57
-6.25,-7.35,-0.46
-6.24,-7.33,-0.42
-6.26,-7.38,-0.6
-6.2,-7.47,-0.36
-6.13,-7.38,-0.56
-6.03,-7.36,-0.47
-6,-7.32,-0.36
-5.99,-7.3,-0.51
-5.9,-7.36,-0.38
-5.91,-7.42,-0.58
-5.85,-7.41,-0.5
-5.9,-7.31,-0.46
-5.79,-7.28,-0.61
-5.89,-7.34,-0.48
-5.87,-7.36,-0.66
-5.95,-7.43,-0.55
-5.86,-7.29,-0.49
-6,-7.37,-0.58
-6.08,-7.38,-0.48
-6.09,-7.36,-0.61
-6.09,-7.33,-0.49
-6.12,-7.26,-0.5
-6.14,-7.31,-0.72
-6.15,-7.37,-0.53
-6.29,-7.4,-0.73
-6.26,-7.42,-0.64
-6.14,-7.31,-0.49
-6.26,-7.31,-0.63
-6.25,-7.33,-0.62
-6.23,-7.38,-0.62
-6.19,-7.4,-0.74
-6.11,-7.31,-0.59
-6.06,-7.35,-0.54
-6.09,-7.36,-0.64
-6.11,-7.33,-0.65
-6.14,-7.36,-0.57
-6.02,-7.31,-0.47
-5.94,-7.37,-0.78
-5.89,-7.38,-0.7
-5.88,-7.38,-0.69
-5.85,-7.32,-0.55
-5.89,-7.31,-0.56
-6.09,-7.36,-0.6
-6.09,-7.42,-0.5
-6.15,-7.46,-0.62
-6.12,-7.28,-0.51
-6.13,-7.29,-0.56
-6.11,-7.32,-0.7
-6.1,-7.38,-0.56
-6.19,-7.4,-0.57
-6.18,-7.39,-0.58
-6.19,-7.29,-0.67
-6.12,-7.23,-0.65
-6.09,-7.36,-0.53
-6.04,-7.42,-0.73
-6.07,-7.4,-0.61
-6.06,-7.3,-0.55
-6.03,-7.35,-0.67
-6.14,-7.37,-0.44
-6.13,-7.38,-0.45
-6.06,-7.41,-0.61
-6,-7.33,-0.47
-5.95,-7.31,-0.57
-5.92,-7.43,-0.51
-5.95,-7.36,-0.5
-5.98,-7.37,-0.65
-6.04,-7.27,-0.32
-6.04,-7.37,-0.56
-6.04,-7.39,-0.5
-6.09,-7.39,-0.38
-6.1,-7.43,-0.59
-6.2,-7.37,-0.43
-6.09,-7.28,-0.38
-6.17,-7.4,-0.47
-6.21,-7.42,-0.46
-6.24,-7.39,-0.41
-6.25,-7.43,-0.48
-6.21,-7.36,-0.46
-6.25,-7.36,-0.57
-6.18,-7.42,-0.46
-6.18,-7.32,-0.5
-6.21,-7.37,-0.54
-6.1,-7.35,-0.37
-6.18,-7.33,-0.52
-6.1,-7.34,-0.39
-6.11,-7.33,-0.49
-6.05,-7.36,-0.48
-6.04,-7.33,-0.39
-5.96,-7.37,-0.44
-6.03,-7.37,-0.41
-6,-7.36,-0.43
-6.04,-7.31,-0.57
-6.02,-7.35,-0.45
-6.02,-7.4,-0.46
-6.01,-7.48,-0.39
-5.97,-7.43,-0.54
-5.99,-7.35,-0.47
-6,-7.29,-0.44
-5.99,-7.3,-0.51
-5.93,-7.31,-0.42
-5.92,-7.39,-0.59
-6.02,-7.36,-0.47
-6.19,-7.29,-0.35
-6.05,-7.27,-0.49
-6.16,-7.33,-0.47
-6.18,-7.38,-0.48
-6.15,-7.44,-0.54
-6.2,-7.34,-0.51
-6.2,-7.4,-0.65
-6.23,-7.37,-0.46
-6.13,-7.42,-0.51
-6.16,-7.34,-0.61
-6.19,-7.37,-0.52
-6.21,-7.41,-0.58
-6.21,-7.39,-0.47
-6.13,-7.42,-0.55
-6.2,-7.43,-0.57
-6.23,-7.38,-0.43
-6.15,-7.28,-0.52
-6.24,-7.36,-0.5
-6.16,-7.44,-0.51
-6.08,-7.38,-0.51
-6.17,-7.31,-0.54
-6.06,-7.3,-0.5
-6.12,-7.33,-0.54
-6.02,-7.33,-0.5
-6.04,-7.37,-0.62
-6.01,-7.4,-0.39
-6,-7.29,-0.56
-6.03,-7.35,-0.53
-5.93,-7.4,-0.56
-5.85,-7.36,-0.67
-5.92,-7.36,-0.35
-5.88,-7.37,-0.57
-5.99,-7.45,-0.49
-6.03,-7.39,-0.55
-6,-7.4,-0.54
-5.97,-7.31,-0.47
-5.98,-7.3,-0.56
-6.01,-7.33,-0.55
-6.05,-7.44,-0.5
-6.13,-7.38,-0.65
-6.22,-7.28,-0.42
-6.22,-7.33,-0.6
-6.24,-7.41,-0.58
-6.21,-7.45,-0.49
-6.21,-7.43,-0.6
-6.24,-7.33,-0.51
-6.23,-7.31,-0.55
-6.26,-7.31,-0.67
-6.22,-7.46,-0.59
-6.2,-7.36,-0.63
-6.25,-7.37,-0.42
-6.13,-7.31,-0.49
-6.15,-7.36,-0.66
-6.06,-7.47,-0.49
-6.02,-7.4,-0.61
-6.01,-7.35,-0.58
-6.01,-7.38,-0.53
-6.03,-7.33,-0.53
-6,-7.39,-0.39
-5.99,-7.4,-0.59
-6,-7.27,-0.63
-6,-7.31,-0.45
-5.94,-7.29,-0.58
-5.93,-7.41,-0.55
-5.97,-7.38,-0.6
-6.03,-7.38,-0.62
-6,-7.33,-0.62
-6.07,-7.4,-0.57
-6.02,-7.32,-0.47
-6.07,-7.43,-0.56
-6.07,-7.35,-0.43
-6.08,-7.33,-0.61
-6.16,-7.31,-0.64
-6.17,-7.35,-0.53
-6.22,-7.36,-0.63
-6.16,-7.37,-0.45
-6.17,-7.37,-0.63
-6.14,-7.31,-0.49
-6.2,-7.35,-0.41
-6.24,-7.37,-0.66
-6.21,-7.32,-0.53
-6.12,-7.39,-0.59
-6.12,-7.37,-0.59
-6.12,-7.42,-0.55
-6.11,-7.32,-0.61
-6.12,-7.29,-0.48
-6,-7.35,-0.55
-6.02,-7.37,-0.56
-5.92,-7.44,-0.49
-6.03,-7.32,-0.53
-5.97,-7.28,-0.56
-6.02,-7.34,-0.52
-6.05,-7.4,-0.49
-6.02,-7.43,-0.39
-5.99,-7.36,-0.52
-6.06,-7.36,-0.5
-6.04,-7.3,-0.51
-6.09,-7.28,-0.38
-6.07,-7.37,-0.48
-6.14,-7.48,-0.47
-6.1,-7.41,-0.54
-6.05,-7.33,-0.54
-6.02,-7.33,-0.49
-6.07,-7.37,-0.43
-6.02,-7.43,-0.66
-6.13,-7.4,-0.47
-6.08,-7.34,-0.56
-6.04,-7.41,-0.47
-6.16,-7.34,-0.45
-6.16,-7.38,-0.54
-6.25,-7.45,-0.5
-6.17,-7.4,-0.46
-6.24,-7.38,-0.54
-6.18,-7.41,-0.44
-6.2,-7.36,-0.57
-6.12,-7.36,-0.39
-6.12,-7.35,-0.48
-6.17,-7.35,-0.45
-6.11,-7.37,-0.44
-6.07,-7.42,-0.46
-6,-7.45,-0.49
-5.91,-7.34,-0.36
-5.97,-7.28,-0.42
-5.97,-7.37,-0.47
-5.98,-7.37,-0.59
-5.99,-7.43,-0.6
-5.91,-7.39,-0.33
-5.89,-7.32,-0.5
-5.95,-7.34,-0.33
-6.03,-7.42,-0.42
-6.03,-7.39,-0.42
-6.08,-7.37,-0.44
-6.1,-7.37,-0.56
-6.14,-7.42,-0.44
-6.17,-7.36,-0.37
-6.14,-7.36,-0.48
-6.17,-7.29,-0.65
-6.22,-7.34,-0.38
-6.2,-7.39,-0.45
-6.24,-7.39,-0.44
-6.2,-7.36,-0.46
-6.32,-7.34,-0.55
-6.26,-7.35,-0.57
-6.18,-7.37,-0.35
-6.13,-7.4,-0.61
-6.06,-7.5,-0.48
-6.04,-7.34,-0.45
-6.08,-7.26,-0.55
-6.03,-7.29,-0.56
-6.05,-7.4,-0.52
-6.03,-7.45,-0.5
-6.02,-7.36,-0.61
-5.98,-7.29,-0.51
-5.98,-7.3,-0.54
-6.04,-7.41,-0.57
-5.96,-7.44,-0.66
-6.05,-7.37,-0.64
-6.06,-7.3,-0.62
-6.09,-7.31,-0.6
-6.02,-7.37,-0.66
-5.97,-7.46,-0.69
-6.03,-7.38,-0.55
-6.02,-7.29,-0.56
-6.09,-7.3,-0.65
-6.14,-7.39,-0.45
-6.09,-7.39,-0.71
-6.17,-7.36,-0.67
-6.23,-7.29,-0.6
-6.2,-7.35,-0.54
-6.04,-7.37,-0.62
-5.97,-7.4,-0.58
-6.04,-7.4,-0.62
-6.08,-7.35,-0.59
-6.04,-7.33,-0.6
-6.09,-7.37,-0.61
-6.06,-7.36,-0.59
-6.18,-7.38,-0.58
-6.14,-7.39,-0.65
-6.16,-7.36,-0.51
-6.1,-7.41,-0.62
-6.19,-7.37,-0.57
-6.21,-7.35,-0.53
-6.17,-7.28,-0.5
-6.12,-7.35,-0.55
-6.14,-7.4,-0.53
-6.17,-7.38,-0.55
-6.06,-7.38,-0.55
-6.05,-7.35,-0.49
-6.1,-7.32,-0.55
-6.12,-7.39,-0.57
-6.01,-7.42,-0.56
-6.02,-7.39,-0.58
-6.06,-7.31,-0.6
-5.99,-7.28,-0.5
-6.02,-7.38,-0.49
-6.01,-7.36,-0.5
-6.11,-7.41,-0.46
-5.98,-7.29,-0.52
-6.1,-7.31,-0.33
-6.11,-7.4,-0.44
-6.04,-7.4,-0.46
-6.04,-7.39,-0.51
-6.06,-7.34,-0.35
-6.09,-7.3,-0.43
-6.02,-7.38,-0.34
-6.13,-7.39,-0.4
-6.09,-7.35,-0.5
-6.13,-7.34,-0.46
-6.11,-7.28,-0.42
-6.2,-7.4,-0.38
-6.1,-7.44,-0.45
-6.09,-7.42,-0.37
-6.09,-7.38,-0.56
-6.05,-7.28,-0.37
-6.13,-7.43,-0.52
-6.17,-7.4,-0.5
-6.1,-7.44,-0.33
-6.13,-7.36,-0.55
-6.06,-7.29,-0.32
-6.02,-7.32,-0.41
-6.1,-7.35,-0.48
-6.05,-7.34,-0.35
-6.12,-7.36,-0.45
-6.16,-7.39,-0.41
-6.08,-7.43,-0.34
-6.02,-7.37,-0.54
-6,-7.34,-0.44
-6.05,-7.31,-0.35
-5.97,-7.33,-0.55
-5.99,-7.41,-0.45
-6.01,-7.4,-0.52
-6.08,-7.34,-0.57
-6.08,-7.29,-0.5
-5.96,-7.32,-0.48
-5.97,-7.4,-0.45
-6.05,-7.51,-0.55
-6.07,-7.38,-0.57
-6.07,-7.33,-0.44
-6.1,-7.28,-0.44
-6.11,-7.36,-0.59
-6.13,-7.47,-0.47
-6.17,-7.42,-0.47
-6.2,-7.37,-0.57
-6.14,-7.33,-0.59
-6.15,-7.38,-0.66
-6.16,-7.42,-0.58
-6.13,-7.42,-0.59
-6.17,-7.33,-0.74
-6.04,-7.29,-0.48
-6.2,-7.43,-0.63
-6.13,-7.48,-0.58
-6.09,-7.42,-0.63
-6.11,-7.32,-0.62
-6.04,-7.33,-0.54
-6.07,-7.41,-0.6
-6.01,-7.45,-0.68
-5.97,-7.44,-0.53
-5.93,-7.36,-0.68
-6.02,-7.26,-0.57
-5.91,-7.33,-0.55
-5.93,-7.37,-0.69
-5.93,-7.43,-0.45
-5.9,-7.38,-0.62
-5.97,-7.32,-0.58
-6.03,-7.29,-0.42
-6.16,-7.39,-0.76
-6.17,-7.4,-0.61
-6.15,-7.31,-0.62
-6.22,-7.37,-0.62
-6.17,-7.32,-0.5
-6.19,-7.41,-0.66
-6.19,-7.37,-0.5
-6.25,-7.38,-0.55
-6.25,-7.34,-0.5
-6.11,-7.35,-0.55
-5.95,-7.45,-0.6
-5.91,-7.38,-0.6
-6.03,-7.33,-0.65
-5.96,-7.27,-0.48
-6,-7.29,-0.57
-5.96,-7.42,-0.6
-5.98,-7.41,-0.39
-6.02,-7.33,-0.57
-6,-7.3,-0.46
-6.11,-7.37,-0.48
-6.08,-7.38,-0.59
-6.12,-7.46,-0.53
-6.09,-7.33,-0.52
-6.14,-7.3,-0.52
-6.13,-7.38,-0.47
-6.13,-7.43,-0.59
-6.16,-7.47,-0.55
-6.18,-7.34,-0.56
-6.28,-7.38,-0.4
-6.13,-7.36,-0.45
-6.11,-7.39,-0.44
-6.13,-7.43,-0.39
-6.2,-7.3,-0.58
-6.18,-7.25,-0.53
-6.16,-7.29,-0.49
-6.07,-7.38,-0.45
-5.94,-7.47,-0.36
-5.87,-7.42,-0.53
-5.9,-7.3,-0.27
-6.04,-7.32,-0.37
-5.91,-7.39,-0.61
-6.09,-7.49,-0.39
-6.07,-7.39,-0.46
-6.03,-7.28,-0.44
-6.05,-7.24,-0.53
-6.13,-7.28,-0.51
-6.1,-7.4,-0.51
-6.1,-7.44,-0.68
-6.11,-7.36,-0.52
-6.14,-7.3,-0.42
-6.2,-7.33,-0.49
-6.16,-7.37,-0.49
-6.18,-7.37,-0.42
-6.15,-7.39,-0.48
-6.17,-7.41,-0.5
-6.1,-7.44,-0.46
-6.13,-7.39,-0.52
-6.13,-7.28,-0.57
-6.07,-7.27,-0.51
-6.01,-7.3,-0.52
-6.02,-7.41,-0.61
-6.08,-7.52,-0.56
-6.15,-7.38,-0.53
-6,-7.28,-0.62
-5.98,-7.27,-0.58
-6.07,-7.37,-0.52
-6.17,-7.43,-0.54
-6.12,-7.43,-0.5
-6.18,-7.27,-0.51
-6.14,-7.3,-0.5
-6.09,-7.39,-0.59
-6.06,-7.39,-0.46
-6.08,-7.32,-0.54
-6.11,-7.32,-0.6
-6.13,-7.32,-0.51
-6.15,-7.44,-0.56
-6.18,-7.43,-0.55
-6.14,-7.37,-0.57
-6.11,-7.28,-0.45
-6.09,-7.31,-0.47
-6.08,-7.41,-0.57
-6.11,-7.4,-0.45
-6.05,-7.4,-0.64
-6.06,-7.3,-0.66
-6.08,-7.21,-0.43
-6.1,-7.31,-0.58
-6.04,-7.45,-0.47
-6.02,-7.49,-0.53
-6.12,-7.36,-0.59
-6,-7.28,-0.47
-6.06,-7.31,-0.66
-6.08,-7.41,-0.42
-6.01,-7.42,-0.54
-6.04,-7.41,-0.51
-6.07,-7.39,-0.34
-6.11,-7.3,-0.6
-6.06,-7.37,-0.44
-6.13,-7.37,-0.56
-6.06,-7.33,-0.53
-6.1,-7.38,-0.52
-6.16,-7.43,-0.59
-6.17,-7.39,-0.47
-6.14,-7.39,-0.5
-6.09,-7.37,-0.51
-6.12,-7.36,-0.59
-6.09,-7.38,-0.44
-6.14,-7.41,-0.46
-6.18,-7.42,-0.64
-6.16,-7.39,-0.54
-6.16,-7.33,-0.53
-6.12,-7.36,-0.43
-6.02,-7.38,-0.47
-6.06,-7.39,-0.52
-6.09,-7.4,-0.45
-6.03,-7.33,-0.53
-6.07,-7.31,-0.48
-6.16,-7.37,-0.46
-6.09,-7.39,-0.57
-6.09,-7.39,-0.54
-6.03,-7.27,-0.52
-6.06,-7.42,-0.5
-5.98,-7.4,-0.57
-5.95,-7.39,-0.62
-6.07,-7.34,-0.6
-6.04,-7.26,-0.56
-6.09,-7.37,-0.45
-6.02,-7.49,-0.64
-6.08,-7.47,-0.58
-6.05,-7.37,-0.48
-6.11,-7.29,-0.5
-6.11,-7.28,-0.64
-6.05,-7.35,-0.5
-6.18,-7.4,-0.71
-6.08,-7.39,-0.52
-6.16,-7.32,-0.58
-6.07,-7.39,-0.62
-6.04,-7.43,-0.5
-6,-7.35,-0.59
-6,-7.38,-0.51
-6.11,-7.32,-0.53
-6.07,-7.34,-0.61
-6.1,-7.37,-0.4
-6.11,-7.42,-0.66
-6.09,-7.39,-0.57
-6.11,-7.38,-0.47
-6.07,-7.32,-0.6
-6.07,-7.39,-0.5
-6.1,-7.42,-0.54
-6.17,-7.37,-0.55
-6.25,-7.39,-0.44
-6.16,-7.34,-0.71
-6.19,-7.41,-0.48
-6.15,-7.43,-0.64
-6.17,-7.45,-0.49
-6.14,-7.4,-0.52
-6,-7.38,-0.58
-6.06,-7.38,-0.57
-6.08,-7.42,-0.44
-6.01,-7.38,-0.61
-6.1,-7.38,-0.46
-6.06,-7.39,-0.51
-5.96,-7.37,-0.45
-5.92,-7.37,-0.45
-5.95,-7.31,-0.52
-5.91,-7.3,-0.46
-5.93,-7.33,-0.33
-5.98,-7.41,-0.5
-5.99,-7.41,-0.51
-6,-7.32,-0.53
-6.06,-7.32,-0.53
-6.11,-7.37,-0.34
-6.15,-7.41,-0.44
-5.94,-7.41,-0.45
-6.03,-7.44,-0.48
-6.15,-7.27,-0.42
-6,-7.38,-0.46
-6.09,-7.43,-0.53
-6.08,-7.5,-0.42
-6.14,-7.44,-0.4
-6.26,-7.29,-0.64
-6.29,-7.3,-0.43
-6.35,-7.34,-0.45
-6.33,-7.44,-0.44
-6.27,-7.47,-0.49
-6.29,-7.36,-0.44
-6.37,-7.37,-0.5
-6.25,-7.36,-0.55
-6.17,-7.45,-0.45
-6.04,-7.43,-0.55
-5.97,-7.36,-0.48
-5.98,-7.28,-0.58
-6.05,-7.39,-0.33
-6.03,-7.4,-0.61
-5.92,-7.44,-0.55
-5.94,-7.34,-0.4
-5.85,-7.32,-0.55
-5.9,-7.36,-0.52
-5.84,-7.39,-0.44
-5.87,-7.31,-0.6
-5.86,-7.41,-0.47
-6,-7.38,-0.47
-5.99,-7.37,-0.49
-5.97,-7.38,-0.46
-6.08,-7.35,-0.52
-6.1,-7.35,-0.56
-6.17,-7.37,-0.46
-6.18,-7.44,-0.58
-6.24,-7.47,-0.45
-6.31,-7.39,-0.56
-6.31,-7.36,-0.57
-6.25,-7.42,-0.5
-6.19,-7.37,-0.47
-6.1,-7.4,-0.55
-6.13,-7.39,-0.45
-6.15,-7.34,-0.45
-6.12,-7.32,-0.6
-6.02,-7.35,-0.47
-6.13,-7.41,-0.47
-6.19,-7.43,-0.53
-6.1,-7.39,-0.53
-6.19,-7.26,-0.67
-6.1,-7.35,-0.49
-6.02,-7.44,-0.6
-6.03,-7.48,-0.45
-6.03,-7.31,-0.56
-6.07,-7.24,-0.66
-6.1,-7.31,-0.42
-6.03,-7.47,-0.69
-5.97,-7.43,-0.66
-5.86,-7.38,-0.51
-5.81,-7.3,-0.5
-5.76,-7.24,-0.51
-5.8,-7.37,-0.57
-5.73,-7.46,-0.5
-5.89,-7.47,-0.5
-6.03,-7.33,-0.53
-6.14,-7.26,-0.38
-6.16,-7.35,-0.49
-6.18,-7.36,-0.61
-6.23,-7.41,-0.46
-6.27,-7.38,-0.62
-6.31,-7.38,-0.65
-6.4,-7.38,-0.59
-6.34,-7.37,-0.56
-6.28,-7.37,-0.56
-6.26,-7.41,-0.63
-6.31,-7.35,-0.55
-6.22,-7.39,-0.56
-6.22,-7.43,-0.58
-6.24,-7.4,-0.51
-6.18,-7.29,-0.63
-6.17,-7.35,-0.45
-6.15,-7.36,-0.46
-6.03,-7.43,-0.46
-5.96,-7.4,-0.47
-5.9,-7.37,-0.43
-5.93,-7.32,-0.45
-5.89,-7.37,-0.45
-5.9,-7.39,-0.52
-5.98,-7.33,-0.42
-5.94,-7.34,-0.44
-6.01,-7.37,-0.53
-5.94,-7.39,-0.5
-5.93,-7.37,-0.52
-6,-7.44,-0.52
-6.03,-7.37,-0.58
-6.07,-7.39,-0.58
-6.11,-7.47,-0.45
-6.14,-7.45,-0.61
-6.17,-7.37,-0.44
-6.1,-7.3,-0.42
-6.13,-7.38,-0.55
-6.23,-7.41,-0.4
-6.22,-7.4,-0.47
-6.31,-7.4,-0.47
-6.34,-7.34,-0.43
-6.22,-7.34,-0.5
-6.07,-7.32,-0.44
-6.06,-7.35,-0.51
-5.99,-7.44,-0.52
-6.01,-7.36,-0.51
-6.05,-7.28,-0.45
-6.03,-7.31,-0.61
-6.06,-7.4,-0.54
-6.06,-7.4,-0.49
-6.09,-7.31,-0.59
-6.06,-7.33,-0.48
-6.1,-7.26,-0.6
-6.07,-7.31,-0.54
-6.02,-7.41,-0.61
-6.09,-7.4,-0.54
-6.09,-7.35,-0.54
-6.07,-7.3,-0.4
-6.09,-7.39,-0.53
-6.15,-7.41,-0.49
-6.09,-7.38,-0.45
-6.1,-7.3,-0.56
-6.1,-7.35,-0.45
-6.08,-7.34,-0.53
-6.05,-7.45,-0.59
-6.16,-7.38,-0.53
-6.13,-7.33,-0.58
-6.1,-7.34,-0.59
-6.08,-7.38,-0.53
-6.01,-7.36,-0.56
-6.01,-7.36,-0.48
-6.06,-7.34,-0.59
-6.03,-7.34,-0.51
-6.07,-7.44,-0.51
-6.11,-7.42,-0.47
-6.13,-7.35,-0.46
-5.9,-7.31,-0.37
-5.98,-7.4,-0.48
-5.97,-7.42,-0.42
-6.1,-7.44,-0.44
-6.11,-7.28,-0.49
-6.15,-7.35,-0.4
-6.13,-7.28,-0.48
-6.09,-7.45,-0.53
-6.13,-7.39,-0.49
-6.11,-7.31,-0.62
-6.15,-7.27,-0.44
-6.15,-7.35,-0.58
-6.15,-7.48,-0.6
-5.97,-7.51,-0.68
-6.07,-7.33,-0.47
-6.07,-7.28,-0.49
-6.04,-7.28,-0.47
-6.02,-7.44,-0.52
-6.02,-7.44,-0.46
-6.06,-7.4,-0.53
-6.05,-7.33,-0.3
-6.11,-7.31,-0.49
-6.08,-7.41,-0.51
-6.11,-7.45,-0.44
-6.14,-7.36,-0.45
-6.16,-7.38,-0.51
-6.04,-7.33,-0.41
-6.09,-7.37,-0.49
-5.95,-7.5,-0.48
-6,-7.43,-0.61
-6.08,-7.35,-0.53
-6.11,-7.31,-0.52
-6.1,-7.35,-0.48
-6.06,-7.42,-0.51
-6.1,-7.39,-0.5
-6.16,-7.33,-0.59
-6.12,-7.27,-0.5
-6.18,-7.33,-0.53
-6.18,-7.42,-0.5
-6.21,-7.41,-0.47
-6.17,-7.44,-0.44
-6.21,-7.27,-0.54
-6.16,-7.29,-0.47
-6.07,-7.37,-0.58
-6.04,-7.32,-0.57
-6.07,-7.43,-0.54
-5.96,-7.37,-0.53
-5.94,-7.39,-0.57
-6.11,-7.41,-0.53
-6.1,-7.32,-0.47
-6.08,-7.29,-0.61
-6.05,-7.34,-0.42
-6.05,-7.34,-0.55
-6.01,-7.45,-0.59
-6.09,-7.37,-0.57
-6.11,-7.31,-0.43
-6.12,-7.37,-0.52
-6.11,-7.37,-0.58
-6.03,-7.46,-0.56
-6.06,-7.41,-0.6
-6.03,-7.29,-0.62
